StationID,Date Time,Soil Temp (C) Avg,Soil Temp (C) Min,Soil Temp (C) Max,Temp @ 60cm (C) Avg,Temp @ 60cm (C) Min,Temp @ 60cm (C) Max,Temp @ 2m (C) Avg,Temp @ 2m (C) Min,Temp @ 2m (C) Max,Temp @ 10m (C) Avg,Temp @ 10m (C) Min,Temp @ 10m (C) Max,Relative Humidity (%) Avg,Dew Point Temp (C) Avg,Dew Point Temp (C) Min,Dew Point Temp (C) Max,Rainfall Amount (in) Sum,Wind Speed (mph) Avg,Wind Speed (mph) Max,Wind Direction (deg) Avg,Solar Radiation (w/m2) Avg,Solar Radiation (MJ/m2) Sum,ETo Grass (mm) Avg,Number of Observations
260,2026-01-01 00:00:00,12.53,10.9,14.23,6.77,-4.55,19.41,8.24,-2.16,19.52,8.35,-1.6,18.39,63.37,-0.06,-3.09,5.36,0,4.69,11.74,268.72,162.42,14.032764,1.08,96
260,2026-01-02 00:00:00,13.11,11.68,14.61,11.53,0.82,21.57,12.77,2.89,21.51,12.72,3.73,20.4,79.32,8.93,1.96,13.08,0,4.06,11.25,236.04,111.16,9.604106999999997,1.35,96
260,2026-01-03 00:00:00,14.74,13.76,16.11,16.88,11.89,26.33,17.68,13.82,25.62,17.09,13.7,24.16,86.58,15.27,12.56,18.67,0.65,6.84,14.4,231.27,106.04,9.161838,1.61,96
260,2026-01-04 00:00:00,14.78,14.4,15.27,12.78,10.73,14.7,13.47,11.9,15.36,12.83,11.36,14.66,93.82,12.49,10.82,14.43,0.01,3.65,7.68,72.62,33.42,2.887407,1.04,96
260,2026-01-05 00:00:00,14.89,13.89,16.64,13.59,9.28,21.77,14.22,10.91,21.51,13.69,10.6,20.46,90.88,12.68,9.98,16.87,0.02,2.61,5.88,168.52,97.17,8.395766999999998,1.34,96
260,2026-01-06 00:00:00,15.37,13.8,17.28,16.93,7.46,26.01,17.5,8.65,25.46,16.85,8.6,24.32,84.4,14.57,7.8,18.35,0,3.79,9.5,194.14,122.36,10.572309,1.51,96
260,2026-01-07 00:00:00,17.29,16.32,18.9,20.09,12.49,27,20.62,14.44,26.86,19.96,14.8,25.23,84.13,17.64,13.37,20.15,0,5.3,10.62,242.95,124.47,10.754496,1.68,96
260,2026-01-08 00:00:00,17.22,15.72,19.03,17.98,11.65,28.22,18.56,12.84,25.57,18.17,12.68,24.71,87.91,16.39,11.88,20.49,0,2.44,5.48,123.83,117.56,10.157184,1.54,96
260,2026-01-09 00:00:00,17.84,16.24,19.67,20.84,14.38,30.5,21.41,15.76,29.05,21.11,16.13,27.61,82.5,18,14.78,21.55,0,3.66,8,150.56,137.86,11.911023,1.81,96
260,2026-01-10 00:00:00,17.94,16.52,19.42,18.98,11.96,27.85,20.1,14.4,27.66,20.3,14.81,26.4,81.45,16.44,13.35,21,0,4.42,10.88,196.4,136.74,11.814156,1.73,96
260,2026-01-11 00:00:00,17,15.57,17.84,14.22,3.29,19.38,15.32,5.51,19.65,15.26,7.01,18.88,78.83,11.25,1.55,18.67,0.03,4.27,10.78,276.93,88.28,7.548039,1.36,96
260,2026-01-12 00:00:00,14.21,12.58,15.57,8.9,3.05,15.79,9.49,3.86,16.07,8.76,3.33,14.45,65.88,3.36,-2.9,8.69,0,5.61,9.91,42.08,141.74,12.118986,1.14,96
260,2026-01-13 00:00:00,14.71,13.14,16.5,11.66,5.49,19.53,12.27,6.59,18.91,11.75,6.14,18.15,72.54,7.22,3.66,11.06,0,3.01,6.37,69.87,139.97,12.093435,1.22,96
260,2026-01-14 00:00:00,14.74,14.15,15.38,11.88,8.54,14.95,12.53,9.94,15.06,11.89,9.78,14.11,78.16,8.45,0.25,11.3,0.02,3.83,13.91,235.15,53.08,4.586390999999999,1.11,96
260,2026-01-15 00:00:00,13.73,12.43,14.65,7.63,-2.93,11.74,8.7,-1.19,12.14,8.43,0.77,10.87,65.92,1.57,-9.03,10.28,0,6.83,18.26,291.74,146.58,12.664143000000001,1.01,96
260,2026-01-16 00:00:00,11.54,9.36,13.89,1.95,-8.79,15.33,3.13,-6.14,14.87,3.09,-6.24,13.87,61.54,-5.58,-9.52,-0.16,0,2.4,8.74,177.61,179.38,15.498476999999998,0.92,96
260,2026-01-17 00:00:00,12.12,10.34,14.24,12.22,0.31,24.11,12.9,2.17,22.93,12.82,3.35,21.31,64.55,5.58,-0.91,9.91,0,3.95,9.59,162.42,120.58,10.418274000000002,1.49,96
260,2026-01-18 00:00:00,12.77,10.67,13.67,7.62,-2.74,13.31,8.46,-0.91,14.09,8.11,-0.88,13.53,88.46,6.61,-1.78,10.86,0.53,4.02,10.58,226.62,23.39,2.020698,1.34,96
260,2026-01-19 00:00:00,10.01,7.9,12.35,2.13,-5.68,13.29,3.5,-3.49,12.94,3.62,-3.63,12.08,73.02,-1.98,-4.3,2.54,0,2.65,6.82,247.18,183.59,15.862473000000003,0.97,96
260,2026-01-20 00:00:00,9.77,7.65,12.22,4.9,-3.83,16.39,6.31,-2.07,16.59,6.75,-0.92,15.46,66.69,-0.62,-3.14,2.49,0,3.44,8.53,97.2,173.48,14.988933,1.17,96
260,2026-01-21 00:00:00,10.6,8.5,13.05,9.81,-1.68,21.2,10.76,-0.24,20.06,10.35,-0.23,19.01,73.87,5.73,-1.22,11.11,0,3.85,8.52,68.15,143.47,12.395619,1.42,96
260,2026-01-22 00:00:00,13.62,11.75,16.55,15.87,8.78,25.85,16.56,10.65,25.37,16.25,11.1,24.33,75.33,11.6,9.47,14.56,0,3.2,7.26,113.31,162.02,13.998924000000002,1.75,96
260,2026-01-23 00:00:00,14.54,12.22,17.19,15.54,5.65,27.58,16.5,7.2,26.87,16.4,7.14,25.81,73.73,10.95,6.26,16.79,0,1.95,4.83,161.86,165.45,14.295312,1.73,96
260,2026-01-24 00:00:00,15.38,14.33,16.65,16.03,12.24,21.77,16.66,13.87,22.09,16.02,13.23,20.57,85.99,14.23,12.39,16.83,0,6.1,11.03,63.73,98.25,8.488674000000001,1.61,96
260,2026-01-25 00:00:00,16.05,14.97,17.41,19.58,13.46,28.6,19.99,14.05,27.62,19.13,13.32,26.54,87.24,17.68,13.07,21.71,0,9.21,18.55,160.48,79.78,6.893352,1.95,96
260,2026-01-26 00:00:00,16.91,14.89,17.49,13.37,2.36,22.54,13.88,3.32,23.27,13.24,3.1,22.56,75.66,9.41,-6.91,21.56,0,8.4,14.04,291.84,130.74,11.296089,1.87,96
260,2026-01-27 00:00:00,13.01,11.1,14.78,1.2,-5.89,11.24,2.11,-3.77,11.23,1.73,-3.43,10.35,53.31,-7.37,-9.51,-3.81,0,3.63,8.83,274.42,195.1,16.856361000000003,1.15,96
260,2026-01-28 00:00:00,11.76,9.93,13.97,2.91,-5.61,15.04,4.07,-3.53,14.72,4.03,-3.3,13.77,59.74,-4.74,-8.19,-2.1,0,3.14,8.13,254.61,181.35,15.668604000000002,1.30,96
260,2026-01-29 00:00:00,11.57,9.24,14.25,4.99,-6.43,19.78,6.11,-4.07,18.15,6.08,-4.22,17.37,64.82,-1.65,-5.03,3.49,0,2.42,7.21,145.07,191.7,16.563303,1.42,96
260,2026-01-30 00:00:00,11.84,9.81,13.59,8.55,-3.91,21.5,9.23,-2.13,19.6,8.75,-2.03,18.47,66.86,2.08,-3.03,7.76,0,3.07,7.84,181.3,138.81,11.993031,1.59,96
260,2026-01-31 00:00:00,12.39,11.32,13.51,4.9,-3.13,12.07,5.64,-2.37,11.79,5.1,-2.9,10.12,64.79,-0.9,-12.05,6.14,0,8.59,17.24,298.32,139.35,12.039552,1.38,96
320,2026-01-01 00:00:00,16.22,14.3,18.17,10.93,2.67,19,10.49,3.42,17.7,11.23,5.23,17.56,64.99,3.35,-0.95,7.81,0,5.38,10.36,287.05,86.93,7.510869,1.27,96
320,2026-01-02 00:00:00,16.99,15.27,18.92,14.5,6.48,21.61,14.12,6.54,19.94,14.66,8.03,20.2,79.8,10.42,6.09,12.3,0,3.25,6.02,231.44,55.03,4.754556,1.37,96
320,2026-01-03 00:00:00,18.22,16.76,20.03,17.72,13.88,24.5,17.14,13.71,22.99,17.26,14.05,22.7,87.97,15.01,12.35,17.03,0.45,5.68,10.47,213.48,55.67,4.80951,1.41,96
320,2026-01-04 00:00:00,18.24,17.36,19.02,15.74,12.59,19.44,15.18,12.8,18.39,15.39,13.2,17.96,93.45,14.08,12.8,16.43,0,5.23,10.09,82.84,16.97,1.465956,1.15,96
320,2026-01-05 00:00:00,18.5,17.38,20.35,16.19,13.48,23.2,15.52,12.83,21.81,15.83,13.06,22.15,94.52,14.57,12.83,16.82,0,3.52,8.02,132.27,39.63,3.4239060000000006,1.33,96
320,2026-01-06 00:00:00,19.17,17.19,21.62,18.94,12.32,27.44,18.6,12.41,26.02,19.26,13.73,25.82,84.14,15.5,12.35,18.01,0,2.74,5.4,211.82,58.44,5.048973,1.55,96
320,2026-01-07 00:00:00,20.08,18.6,22.18,19.35,15.03,26.69,18.93,15.41,25.34,19.43,15.94,25.52,87.82,16.67,14.63,19.55,0,3.03,6.44,218.01,47.81,4.130837999999999,1.43,96
320,2026-01-08 00:00:00,20.59,18.83,22.67,20.31,14.47,27.36,19.9,14.12,25.69,20.25,15.11,25.56,83.54,16.66,13.93,18.49,0,3.82,5.9,137.53,48.86,4.221423,1.51,96
320,2026-01-09 00:00:00,21.44,19.7,23.47,22.19,16.29,29.18,21.69,16.42,27.96,21.85,16.99,27.84,82.01,18.12,16.28,20.58,0,4.63,8.07,121.72,53.62,4.632831,1.58,96
320,2026-01-10 00:00:00,21.9,20.27,23.56,21.49,15.85,28.32,21.21,15.83,27.16,21.73,16.67,26.96,82.54,17.82,15.75,20.66,0,3.43,9.13,161.1,49.97,4.317552,1.53,96
320,2026-01-11 00:00:00,21.21,20.02,22.25,18.09,9.91,24.8,17.78,10.03,23.86,18.37,11.47,23.36,86.29,15.36,3.95,19.84,0.08,5.34,14.16,186.75,33.2,2.868471,1.59,96
320,2026-01-12 00:00:00,18.55,16.85,19.97,13.12,7.74,21.2,12.36,7.22,19.76,12.53,7.7,19.1,74.98,7.94,2.48,12.58,0,8.25,13.16,73.81,65.34,5.645312999999999,1.47,96
320,2026-01-13 00:00:00,19.4,17.68,21.6,16.95,11.02,24.71,16.19,10.61,23.23,16.22,10.98,22.81,83.3,13.19,9.72,16.57,0.01,5.42,9.56,79.34,112.78,9.744021,1.51,96
320,2026-01-14 00:00:00,19.68,19.06,20.43,16.12,14.16,18.21,15.54,13.8,17.43,15.72,14.34,17.31,82.69,12.48,9.93,15.32,0.02,5.99,11.68,224.02,76.93,6.646779000000001,1.19,96
320,2026-01-15 00:00:00,17.86,15.89,19.01,12.17,5.18,15.05,11.49,4.92,14.39,11.84,5.89,14.88,70.7,5.73,-4.79,13.98,0.25,9.97,20.28,275.18,116.66,10.079595,1.19,96
320,2026-01-16 00:00:00,14.71,12.49,16.69,6.75,-1.62,14.32,6.18,-1.17,13.17,7.11,0.58,13.43,56.61,-2.23,-7.5,3.28,0,3.87,7.71,169.76,181.92,15.717573000000002,0.92,96
320,2026-01-17 00:00:00,15.36,12.79,18.43,13.65,3.31,23.85,13.23,3.62,22.71,13.93,4.86,22.75,73.7,8.11,2.7,13.99,0,4.05,6.53,138.89,179.24,15.486723000000001,1.34,96
320,2026-01-18 00:00:00,16.72,15.31,17.44,12.93,5.25,20.81,12.32,4.64,19.54,12.65,5.24,19.62,89.1,10.55,2.5,16.44,0.03,6.06,24.31,257,60.23,5.204187000000001,1.52,96
320,2026-01-19 00:00:00,14.14,12.19,15.97,7.24,2.35,14.54,6.63,2.08,13,7.34,2.95,12.98,60.51,-1.44,-5.97,2.35,0,5.6,11.31,232.35,185.23,16.004079,1.07,96
320,2026-01-20 00:00:00,13.77,11.49,16.23,9.82,0.68,19.09,9.31,1.11,17.56,9.82,3.27,17.18,57.99,1.02,-3.43,4.89,0,7.22,13,76.18,183.74,15.874901999999997,1.30,96
320,2026-01-21 00:00:00,15.33,13.15,17.94,15.1,8.02,23.56,14.43,7.83,22.1,14.67,8.76,21.31,68.57,8.45,3.67,11.86,0,7.41,10.67,50.06,162.38,14.029452,1.63,96
320,2026-01-22 00:00:00,17.51,15.51,19.99,18.32,11.54,26.33,17.62,11.29,25.13,17.78,12.01,24.85,80.56,13.9,10.65,15.86,0,5.13,9.38,57.83,148.06,12.792735,1.80,96
320,2026-01-23 00:00:00,18.93,16.84,21.24,19.05,11.88,26.83,18.37,12.06,25.66,18.73,13.19,25.29,81.37,14.6,11.35,17.7,0,3.58,7.01,165.78,178.24,15.399800999999998,1.88,96
320,2026-01-24 00:00:00,19.73,18.02,21.88,19.2,12.93,27.45,18.56,13.18,25.99,18.78,14.22,25.54,85.23,15.7,12.93,17.72,0,4.76,8.74,86.83,157.49,13.60719,1.95,96
320,2026-01-25 00:00:00,20.97,19.43,22.88,22.16,16.26,29.46,21.53,15.6,28.49,21.54,15.89,28.19,82.97,18.12,15.56,20.79,0,6.47,11.38,157.71,144.38,12.474189,2.16,96
320,2026-01-26 00:00:00,21.1,19.16,21.87,18.06,6.41,22.47,17.33,5.78,22.17,17.55,6.46,22.25,80.35,13.72,-5.01,20.91,0.11,9.38,13.85,268.28,144.46,12.481695,1.82,96
320,2026-01-27 00:00:00,16.73,14.77,19.04,5.08,-0.04,11.08,4.2,-0.77,9.86,5,0.02,10.17,50.37,-5.42,-9.62,-0.68,0,5.66,8.99,269.36,200.62,17.333433,1.16,96
320,2026-01-28 00:00:00,14.89,12.87,17.08,7.54,1.48,15.91,6.82,1.12,14.88,7.49,2.39,14.61,49.15,-3.94,-10.4,2.05,0,5.87,9.1,288.79,195.08,16.854561000000004,1.41,96
320,2026-01-29 00:00:00,14.82,12.35,17.4,10.13,1.44,19.2,9.46,1.93,17.57,9.94,2.98,17.63,61.61,1.58,-2.18,5.26,0,4.71,9.32,147.95,197.74,17.084655,1.53,96
320,2026-01-30 00:00:00,15.76,13.3,18.43,13.16,4.02,22.39,12.56,3.83,20.75,13.23,5.51,20.88,70.38,6.46,3.38,10.52,0,2.67,5.88,232.46,186.4,16.105203,1.66,96
320,2026-01-31 00:00:00,16.31,14.38,17.43,9.48,-0.74,14.63,8.7,-1.62,14.07,9.14,-0.84,14.49,65.54,2.54,-11.26,8.75,0,10.74,22.15,293.78,54.75,4.730589,1.55,96
490,2026-01-01 00:00:00,16.88,15.52,18.41,9.55,-0.18,22.22,10.09,1.51,20.62,10.77,2.56,19.11,73.54,4.78,0.63,7.84,0,4.38,12.77,221.27,174.75,15.098103,1.08,96
490,2026-01-02 00:00:00,17.33,15.73,19.15,13.32,3.39,25.01,13.75,4.9,23.69,14.13,6.22,22.44,80.24,10,3.99,14.44,0,3.76,8.83,197.71,151.93,13.127066999999998,1.30,96
490,2026-01-03 00:00:00,18.57,17.27,20.12,18.72,11.58,26.21,18.62,12.76,25.18,18.44,12.96,24.12,83.69,15.56,12.03,17.81,0.5,7.38,13.96,203.62,161.34,13.939749000000003,1.61,96
490,2026-01-04 00:00:00,20.04,19.2,21.42,19.55,13.81,27.01,19.34,14.2,25.76,19.24,14.39,25.2,87.95,17.15,13.13,20.9,0.01,3.94,10.83,107.3,133.45,11.529918000000002,1.59,96
490,2026-01-05 00:00:00,19.77,18.52,21.33,17.55,11.01,28.27,17.53,11.75,26.73,17.65,11.68,26.09,84.99,14.67,10.98,19,0,3.15,5.45,83.16,149.84,12.946023,1.56,96
490,2026-01-06 00:00:00,19.91,18.44,21.67,18.59,10.22,30.41,18.6,11.08,28.43,19.06,11.99,27.64,80.04,14.42,10.45,20.25,0.01,3.25,6.81,177,167.72,14.490936,1.60,96
490,2026-01-07 00:00:00,20.24,18.72,22.22,19.16,12.28,30.48,19.17,12.93,28.69,19.46,13.87,28.09,79.26,14.8,12.13,20.2,0,2.94,6.33,225.37,164.09,14.177754,1.68,96
490,2026-01-08 00:00:00,20.55,18.94,22.34,20.53,11.65,30.46,20.41,12,28.84,20.52,12.69,28.05,78.02,15.92,11.29,19.79,0,4.12,8.56,115.24,170.27,14.711085,1.69,96
490,2026-01-09 00:00:00,21.33,20.02,22.88,22.26,15.19,30.78,22.04,16.02,29.38,21.9,16.38,28.52,78.93,17.78,15.14,21.66,0,5.59,10.28,111.73,164.59,14.220486,1.94,96
490,2026-01-10 00:00:00,21.61,20.36,23.1,21.99,15.4,31.03,21.83,15.97,29.62,21.98,16.15,28.98,77.13,17.14,15.2,20.7,0,5.08,13.05,155.1,170.18,14.70339,1.96,96
490,2026-01-11 00:00:00,21.62,20.16,23.06,21.07,14.05,31.01,20.81,14.45,29.77,20.93,15.51,28.18,80.53,17.02,11.76,20.5,0,5.9,16.11,233.9,145.66,12.585275999999999,1.90,96
490,2026-01-12 00:00:00,20.66,19.4,21.78,17.42,10.08,24.95,17.16,10.26,24.17,16.98,10.44,23.44,69.52,11.43,4.98,15.91,0.03,7.83,12.73,77.86,122.38,10.463175,1.60,95
490,2026-01-13 00:00:00,20.4,19.38,21.34,18.43,12.97,25.68,18.17,13.09,24.63,17.99,12.91,24.47,81.61,14.8,11.85,17.95,0,6.23,10.78,117.96,94.81,8.191422000000001,1.59,96
490,2026-01-14 00:00:00,20.67,19.64,22.01,18.24,13.62,25.4,17.87,14.05,23.57,17.68,14.66,22.02,78.64,13.85,11.64,16.19,0,6.54,14.83,269.37,130.56,11.279952,1.59,96
490,2026-01-15 00:00:00,19.36,17.01,20.69,12.81,2.06,16.58,12.9,3.14,16.63,13.2,5.39,16.72,81.55,9.66,1.37,15.63,0.38,8.42,20.54,278.34,69.98,6.045957,1.37,96
490,2026-01-16 00:00:00,16.3,14.51,18.18,7.72,-1.49,19.37,8.03,-0.08,17.61,8.66,1.02,17.46,60.47,-0.84,-6.11,3.61,0,3.43,8.44,76,199.23,17.213787,1.01,96
490,2026-01-17 00:00:00,17.02,15.09,19.39,15.34,4.97,26.88,15.3,5.14,25.92,15.65,6.18,25.29,71.27,9.43,2.35,13.2,0,4.75,9.86,141.23,183.63,15.86601,1.50,96
490,2026-01-18 00:00:00,18.03,17.21,19.23,14.18,4.84,26.26,14.22,5.54,25.71,14.43,6.37,24.82,83.3,11.34,3.84,19.83,0,8.23,26.91,252.76,107.05,9.248697,1.83,96
490,2026-01-19 00:00:00,16.19,14.74,17.71,7.65,0.63,17.29,7.8,0.85,16.36,8.14,1.6,15.77,61.33,-0.73,-4.51,4.1,0,6.95,11.04,145.43,200.92,17.359218,1.18,96
490,2026-01-20 00:00:00,15.58,13.75,17.51,11.47,1.73,22.1,11.38,2.25,20.95,11.31,2.84,20.51,64.47,4.34,-0.98,10.06,0,8.57,12.83,91.75,194.65,16.818038999999995,1.48,96
490,2026-01-21 00:00:00,16.64,15.06,18.27,16.02,7.32,24.69,15.95,7.66,24.31,15.83,8.22,23.41,71.34,10.31,5.98,12.87,0,8.02,14.32,49.2,150.28,12.984191999999998,1.76,96
490,2026-01-22 00:00:00,18.36,16.51,20.59,19.78,12.31,29.42,19.63,12.56,28.24,19.5,12.62,27.63,77.77,15.28,11.06,18.88,0,5.16,9.11,47.21,158.99,13.736889,1.99,96
490,2026-01-23 00:00:00,20.01,18.29,22.05,21.61,14.61,31.63,21.4,14.88,30.04,21.38,15.41,29.02,76.69,16.54,13.94,20.51,0,4.06,7.51,127.88,170.37,14.720364,2.18,96
490,2026-01-24 00:00:00,20.67,19.26,22.16,21.53,14.03,30.09,21.41,14.67,28.86,21.25,15.1,28.14,80.48,17.59,13.83,21.12,0,5.49,10.87,78.8,141.32,12.21021,2.09,96
490,2026-01-25 00:00:00,21.24,19.9,22.73,22.87,17.35,30.37,23.01,17.86,30.32,22.84,17.8,29.14,82.4,19.54,16.78,21.62,0,7.98,16.95,167.73,163.46,14.122854,2.45,96
490,2026-01-26 00:00:00,21.85,20.04,23.18,19.51,8.32,27.19,19.35,8.7,26.67,19.13,9,25.76,85.29,16.77,5.5,22.98,0.09,10.89,17.73,268.66,141.23,12.201858000000001,2.14,96
490,2026-01-27 00:00:00,17.96,16.43,19.94,7.19,-1.44,15.47,7.34,-0.49,14.65,7.66,0.66,13.98,49.64,-3.63,-7.37,5,0,7.6,12.86,147.05,209.55,18.105426,1.38,96
490,2026-01-28 00:00:00,15.99,14.11,17.95,7.16,-3.05,19.07,7.42,-1.98,18.11,7.75,-0.36,16.99,54.36,-3.75,-12.13,1.19,0,6.66,11.73,251,200.36,17.311238999999997,1.53,96
490,2026-01-29 00:00:00,15.6,13.5,17.95,9.24,-2.7,22.41,9.82,-1.13,21.32,10.27,0.53,20.58,58.14,-0.75,-7.18,6.74,0,4.99,10.65,90.8,211.74,18.294444,1.64,96
490,2026-01-30 00:00:00,16.76,14.84,19.28,13.97,4.83,25.91,14.08,5.64,24.26,14.26,6.04,22.92,69.23,7.57,4.33,10.96,0,4.59,11.36,212.69,175.72,15.182433,1.90,96
490,2026-01-31 00:00:00,17.02,15.47,17.54,11.51,2.8,15,11.6,3.15,15.06,11.55,3.34,15.09,81.32,8.46,-3.37,13.16,0.01,10.28,21.94,291.18,40.74,3.519765,1.48,96
304,2026-01-01 00:00:00,13.16,9.69,17.66,9.82,2.11,20.35,9.96,2.67,19.55,10.76,4.07,18.47,62.47,1.77,-1.03,5.23,0,3.53,7.61,274.65,158.84,13.723803,1.09,96
304,2026-01-02 00:00:00,14.77,11.1,19.48,14.06,6.37,23.7,14.12,6.72,22.88,14.78,8.28,21.82,74.54,9.19,5.33,12.35,0,3.85,7.94,233.39,142.95,12.350493000000002,1.31,96
304,2026-01-03 00:00:00,16.75,14.27,19.93,17.43,11.75,25.39,17.29,12.3,24.96,17.62,13.58,24.08,84.39,14.43,10.79,16.67,0.31,6.4,11.19,196.09,98.54,8.51346,1.57,96
304,2026-01-04 00:00:00,17,14.68,20.21,15.56,12.95,19.66,15.38,13.04,19.16,15.75,13.65,18.32,89.8,13.68,11.82,16.04,0.01,5.4,10.27,76.18,91.47,7.903116,1.27,96
304,2026-01-05 00:00:00,17.53,15.44,21.73,16.17,13.34,23.57,16.05,13.01,22.93,16.62,13.34,22.84,88.7,14.08,12.05,17.05,0,3.59,7.62,69.72,106.93,9.239121,1.43,96
304,2026-01-06 00:00:00,17.93,14.12,23.18,18.96,12.36,27.99,19.08,13.05,27.16,19.93,14.39,26.56,78.53,14.83,12.04,17.95,0,3.37,7.2,207.17,149.49,12.916062,1.63,96
304,2026-01-07 00:00:00,18.99,15.81,23.59,19.16,14.47,27.8,19.19,14.57,27.42,19.78,14.96,26.17,81.19,15.5,13.45,19.77,0,3.32,5.51,235.62,125.52,10.844559,1.67,96
304,2026-01-08 00:00:00,19.79,16.67,24.47,20.2,14.56,27.96,20.16,14.72,27.3,20.74,15.97,26.83,79,15.98,13.7,19.25,0,2.74,4.93,125.19,141.29,12.207519,1.68,96
304,2026-01-09 00:00:00,20.95,16.96,26.71,21.87,16.16,29.87,21.81,16.86,29.37,22.35,18.07,28.52,78.97,17.65,15.74,20.85,0,3.01,6.43,115.18,153.25,13.240377,1.89,96
304,2026-01-10 00:00:00,21.19,17.68,25.3,21.27,15.53,28.84,21.44,16.33,28.43,22.24,17.86,27.91,78.41,17.2,15.28,20.27,0,3.37,9.97,166.61,132.49,11.328281999999998,1.78,96
304,2026-01-11 00:00:00,19.77,16.76,23.63,18.12,12.16,27.3,18.08,12.07,26.58,18.9,12.98,25.67,81.18,14.67,4.38,19.39,0,5.3,15.59,197.79,88.01,7.603694999999999,1.67,96
304,2026-01-12 00:00:00,16.96,13.51,21.51,13.58,7.72,21.07,13.12,7.59,20.08,13.25,8.22,19.16,72.96,8.25,3.33,12.66,0,9.88,13.12,49.26,155.54,13.438755,1.40,96
304,2026-01-13 00:00:00,18.54,15.19,22.54,17.09,11.6,24.72,16.8,11.42,23.81,16.91,12.03,23.27,79.97,13.13,9.95,15.82,0.02,5.83,11.77,45.22,122.14,10.552923,1.55,96
304,2026-01-14 00:00:00,18.69,16.96,20.52,15.7,12.34,19.2,15.42,12.84,18.35,15.79,13.82,17.98,79.77,11.75,8.74,14.28,0,4.24,8.9,218.56,82.42,7.121394,1.24,96
304,2026-01-15 00:00:00,15.26,9.41,17.66,11.51,4.42,14.96,11.22,4.53,14.85,11.62,5.47,14.49,70.12,5.49,-4.56,12.87,0.32,6.79,13.75,286.39,116,9.918405,1.17,96
304,2026-01-16 00:00:00,9.79,5.71,15.09,6.43,-1.47,15.76,6.7,-0.68,14.8,7.77,1.52,14.54,54.88,-2.39,-5.79,3.36,0,3.2,7.97,160.17,173.9,15.024636,0.98,96
304,2026-01-17 00:00:00,12.56,7.5,18.94,13.73,4.1,24.56,14.08,5.12,23.93,15.18,7.28,23.24,71.86,8.44,3.27,13.36,0,3.38,7.84,94.79,171.96,14.857191000000002,1.40,96
304,2026-01-18 00:00:00,14.17,10.42,17.42,12.2,4.93,23.63,12.09,4.77,23.89,12.69,5.6,23.06,85.59,9.69,2.32,16.56,0.03,5.32,18.21,259.3,70.77,6.114528,1.72,96
304,2026-01-19 00:00:00,10.11,6.09,15.39,6.82,1.33,14.72,6.91,1.57,14.09,7.46,2.32,13.35,59.99,-1.24,-4.17,2.19,0,5.92,12.51,223.3,175.9,15.197426999999998,1.12,96
304,2026-01-20 00:00:00,10.47,5.9,16.63,9.82,2.31,19.57,9.83,3.26,18.96,10.19,4.84,17.7,59.4,1.75,-1.81,5.31,0,7.81,15.49,95.6,174.43,15.070589999999997,1.41,96
304,2026-01-21 00:00:00,13.55,8.94,19.61,14.98,8.69,24.14,14.75,8.73,23.64,15.01,9.72,22.09,68.62,8.74,4.84,11.63,0,6.98,10.47,37.75,157.66,13.621491,1.71,96
304,2026-01-22 00:00:00,16.69,12.99,21.8,17.81,12.07,26.01,17.58,12.05,25.61,17.79,12.66,24.22,78.83,13.57,10.73,16.34,0,5.56,8.56,34.85,137.14,11.848734,1.83,96
304,2026-01-23 00:00:00,18.67,14.54,24.1,19.28,13.67,27.26,19.19,13.68,26.85,19.54,14.52,25.8,76.97,14.56,12.63,17.82,0,4,6.25,81.02,162.17,14.011884,1.96,96
304,2026-01-24 00:00:00,19.64,16.16,24.56,19.08,13.2,27.22,18.99,13.64,26.82,19.48,14.98,25.99,81.6,15.5,12.46,18.11,0,4.2,8.35,58.93,154.54,13.352544,1.98,96
304,2026-01-25 00:00:00,21.29,18.17,25.81,22.21,15.99,31.82,21.94,15.97,30.6,22.19,16.46,30.21,79.49,17.85,14.81,20.63,0,6.18,13.68,149.14,139.07,12.015594,2.25,96
304,2026-01-26 00:00:00,20.87,14.81,24.47,17.91,6.54,22.85,17.46,6.39,22.36,17.71,7.07,22.76,78.19,13.44,-4.3,20.59,0.05,7.83,14.26,264.13,140.5,12.139497,1.79,96
304,2026-01-27 00:00:00,12.74,8.71,17.47,5.21,0.03,11.51,5.06,-0.05,10.91,5.45,0.68,10.03,46.28,-5.76,-7.69,-1.63,0,6.39,11.12,239.8,189.05,16.334082,1.22,96
304,2026-01-28 00:00:00,11.63,7.7,17.56,7.51,1.63,16.82,7.42,2.23,16.13,7.9,3.32,15.52,49.23,-3.82,-7.93,0.66,0,5.35,9.01,307.08,189.51,16.373313,1.46,96
304,2026-01-29 00:00:00,11.94,7.18,17.96,9.6,0.19,19.65,9.66,1.17,18.8,10.26,3.24,18.02,61.9,1.67,-1.65,5.21,0,4.46,8.26,152.92,185.97,16.067691000000003,1.56,96
304,2026-01-30 00:00:00,14.24,9.53,19.79,14.15,4.88,23.43,14.21,5.7,22.43,14.7,7.42,21.61,64.3,6.5,4.16,9.42,0,3.71,7.53,203.96,181.55,15.685623000000001,1.79,96
304,2026-01-31 00:00:00,14.37,9.69,16.26,9.36,-1.3,15,8.92,-1.82,14.77,9.38,-1.05,15.36,63.53,2.26,-11.85,10.13,0,7.76,16.47,294.59,49.96,4.271706,1.53,96
400,2026-01-01 00:00:00,16.62,14.87,18.3,10.22,1,19.92,10.6,2.41,18.54,11.4,5.03,18.31,63.73,2.85,-1.17,7.05,0,5.27,10.78,293.48,176.03,15.209316000000001,1.04,96
400,2026-01-02 00:00:00,17.11,15.3,19.09,13.89,5.1,23.77,14.3,7.31,22.62,14.84,8.61,21.88,75.35,9.59,5.79,13.24,0,4.61,10.74,259.22,156.41,13.513518000000001,1.30,96
400,2026-01-03 00:00:00,18.4,16.89,20.15,18.32,12.15,25.69,18.12,12.56,25.25,18.16,13.07,24.13,80.81,14.44,11.33,16.74,0.02,8.16,14.35,216.04,126.64,10.942065,1.63,96
400,2026-01-04 00:00:00,19.63,18.73,20.96,17.72,13.19,23.24,17.42,13.21,22.23,17.56,13.58,22.38,88.48,15.41,11.89,16.92,0.1,6.48,13.64,100.27,127.66,11.02995,1.46,96
400,2026-01-05 00:00:00,19.37,18.1,21.16,17.28,12.99,25.79,16.98,12.92,23.76,17.54,12.81,24.95,86.64,14.55,11.84,18.23,0.01,5.2,8.43,113.2,128.84,11.132000999999999,1.51,96
400,2026-01-06 00:00:00,20.16,18.16,22.39,19.58,12.31,29.03,19.69,13.18,27.54,20.55,15.35,27.53,78.78,15.41,12.06,18.73,0,3.22,6.74,242.62,170.87,14.762979000000001,1.65,96
400,2026-01-07 00:00:00,20.83,19.12,22.71,19.16,12.9,28.8,19.08,14.16,27.14,19.74,14.79,27.45,83.21,15.87,13.01,18.99,0,3.51,5.7,258.25,148.92,12.866652,1.67,96
400,2026-01-08 00:00:00,21.51,19.72,23.41,20.93,14.35,29.37,20.68,14.88,27.17,21.37,16.43,27.57,80.93,16.98,13.79,18.82,0,5.22,8.45,115.84,159.22,13.756481999999998,1.77,96
400,2026-01-09 00:00:00,22.32,20.77,24.01,22.24,17.96,29.59,21.86,17.97,27.83,22.05,18.28,27.69,80.42,18.08,16.61,21.2,0,7.39,9.89,118.59,149.69,12.933234,1.95,96
400,2026-01-10 00:00:00,22.69,21.22,24.21,22.32,17.36,29.64,22.06,17.4,28.12,22.33,17.63,27.74,77.07,17.51,14.37,20.49,0,6.58,11.67,173.99,153.98,13.30407,1.95,96
400,2026-01-11 00:00:00,22.56,21.11,23.81,19.75,14.23,28.94,19.68,14.06,27.74,19.93,14.32,26.82,80.01,15.93,8.34,19.51,0,7.05,15.67,222.06,125.66,10.857438,1.79,96
400,2026-01-12 00:00:00,21.21,19.75,22.62,15.88,10.55,23.26,15.57,10.58,22.34,15.53,10.59,22.28,69.99,9.97,5.06,14.28,0,10.82,14.87,69.07,149.33,12.901788,1.57,96
400,2026-01-13 00:00:00,20.87,19.42,22.42,18.15,12.57,25.82,17.82,12.47,24.18,17.86,12.46,24.37,80.47,14.23,10.91,16.83,0,7.86,13.91,78.78,134,11.577339,1.62,96
400,2026-01-14 00:00:00,21.3,20.29,22.37,17.29,13.95,22.43,17.02,14.09,21.66,17.04,14.46,20.78,76.04,12.49,8.37,14.15,0,7.19,15.95,281.93,135.13,11.675304,1.52,96
400,2026-01-15 00:00:00,19.75,17.32,21.47,12.81,4.06,15.64,12.71,4.61,15.54,12.78,5.75,15.78,75.43,8.19,0.65,14.53,0.11,11.58,24.34,286.02,80.53,6.957909000000001,1.33,96
400,2026-01-16 00:00:00,16,13.89,17.84,8.77,-0.6,17.72,8.43,-0,15.53,9.54,3.21,16.27,53.25,-1.1,-4.75,4.4,0,6.55,12.92,134.35,193.22,16.69401,1.04,96
400,2026-01-17 00:00:00,17.19,15.21,19.82,16.2,7.63,26,15.93,7.99,25.02,16.26,8.54,24.34,68.4,9.7,5.08,13.34,0,7.65,12.01,99.34,182.03,15.727608,1.62,96
400,2026-01-18 00:00:00,18.56,17.63,19.54,14.15,6.82,27.04,14.18,6.8,26.11,14.45,6.95,25.58,80.18,10.73,4.71,18.7,0,9.74,29.79,274.49,104.33,9.013806,1.90,96
400,2026-01-19 00:00:00,16.28,14.54,17.77,8.26,2.91,15.62,7.97,3,14.37,8.5,3.07,14.62,58.07,-0.87,-5.68,4.35,0,9.24,14.23,111.92,196.39,16.9677,1.18,96
400,2026-01-20 00:00:00,15.78,14.01,17.6,11.67,5.32,19.87,11.44,5.24,19.15,11.43,5.64,18.68,60.98,3.94,-0.68,7.92,0,12.69,16.72,61.45,192.79,16.657155,1.53,96
400,2026-01-21 00:00:00,16.91,15.15,18.98,15.87,9.29,24.07,15.65,9.3,22.78,15.68,9.69,22.49,70.28,9.94,6.84,12.41,0,11.36,15.47,47.95,177.98,15.377876999999998,1.79,96
400,2026-01-22 00:00:00,18.72,17.13,20.74,19,13.31,27.64,18.71,13.22,26,18.78,13.42,26.06,78.72,14.75,11.47,18.62,0.05,9.12,12,47.35,145.59,12.578706,1.97,96
400,2026-01-23 00:00:00,20.22,18.71,21.99,20.75,15.2,29.36,20.26,15.13,27.3,20.65,15.33,27.91,77.79,15.89,13.83,19.36,0,5.93,9.26,90.46,151.31,13.072931999999998,2.04,96
400,2026-01-24 00:00:00,21.05,19.65,22.62,20.65,15.39,28.23,20.36,15.15,27.06,20.41,15.44,26.58,82.48,17.05,14.29,19.62,0,8.51,12.46,75.73,160.15,13.836636,2.15,96
400,2026-01-25 00:00:00,21.96,20.6,23.69,23.38,17.83,31.45,23.08,17.81,30.69,23.01,18.07,29.74,79.44,18.92,16.5,21.41,0,10.11,17.8,176.42,170.18,14.703471,2.56,96
400,2026-01-26 00:00:00,22.4,20.51,23.18,19.14,8.4,24.41,18.82,8.34,23.43,18.78,8.47,22.79,81.17,15.4,-1.98,21.03,0.27,12.36,19.54,269.61,145.18,12.412485,1.98,96
400,2026-01-27 00:00:00,17.58,15.61,20.37,7.36,2.69,13.4,7.04,2.69,12.13,7.37,2.79,12.46,47.62,-3.68,-5.93,-0.6,0,9.31,17.36,154.92,206.94,17.879391000000005,1.34,96
400,2026-01-28 00:00:00,15.67,13.59,17.69,8.79,1.48,17.79,8.51,1.4,16.46,8.76,2.5,16.23,49.25,-2.94,-8.88,1.7,0,8.62,14.6,253.42,208.48,18.013068,1.53,96
400,2026-01-29 00:00:00,15.45,13.23,17.69,10.95,3.6,20.26,10.7,4.07,18.94,11.09,4.46,19.03,59.09,1.74,-2.66,6.86,0,8.43,12.75,142.45,206.4,17.833275,1.71,96
400,2026-01-30 00:00:00,16.76,14.83,19.21,15.07,8.03,24.33,14.76,7.97,22.75,14.9,8.27,22.36,65.68,7.51,5.87,11.07,0,6.55,12.07,221.36,175.05,15.124383,1.92,96
400,2026-01-31 00:00:00,16.95,15.12,18.24,10.62,1.35,14.17,10.49,1.31,14.12,10.52,1.38,14.48,74.2,6.02,-5.58,11.09,0.01,12.68,25.9,302.68,40.84,3.5287560000000004,1.52,96
350,2026-01-01 00:00:00,18.54,17.67,19.4,9.32,-0.06,19.4,9.76,1.23,18.21,10.86,3.72,18.09,74.66,4.43,1.08,8.47,0,3.87,9.2,218.04,166.91,14.42124,1.01,96
350,2026-01-02 00:00:00,18.59,17.7,19.53,12.48,3.06,22.47,13,5,21.46,14.01,7.14,21.07,85.13,10.14,4.93,13.73,0,3.81,10.22,212.29,136.35,11.780469,1.26,96
350,2026-01-03 00:00:00,19.19,18.43,20.08,17.78,10.1,25.56,17.86,11.52,24.66,18.08,12.93,24.12,86.73,15.2,11.46,17.98,0.14,6.82,13.6,199.7,124.39,10.747296,1.56,96
350,2026-01-04 00:00:00,20.16,19.63,20.96,17.93,12.31,24.71,17.85,13.04,23.58,17.93,13.84,23.65,91.7,16.36,12.78,19.44,0.02,4.38,9.21,89.11,126.93,10.966437,1.48,96
350,2026-01-05 00:00:00,20.15,19.48,21.06,17.02,10.92,26.39,17.06,11.82,25.35,17.37,12.46,25.52,89.6,15.01,11.68,18.47,0,3.51,6.1,143.75,126.14,10.898694,1.52,96
350,2026-01-06 00:00:00,20.21,19.28,21.19,18.02,10.28,28.18,18.28,11.16,26.91,18.94,12.53,26.51,84.53,15.17,11.16,19.09,0.04,3.69,10.69,170.76,161.55,13.957631999999998,1.56,96
350,2026-01-07 00:00:00,20.7,20,21.66,18.74,11.87,27.87,18.73,12.95,26.58,19.08,13.96,26.16,90.46,16.89,12.89,21.38,0.02,3.39,8.64,221.41,133.07,11.4975,1.60,96
350,2026-01-08 00:00:00,20.9,20.1,21.77,19.5,12.35,28.97,19.71,12.67,28.01,20.19,13.46,27.55,81.8,15.87,12.67,20.69,0,3.51,7.28,129.1,137.5,11.88,1.67,96
350,2026-01-09 00:00:00,21.14,20.4,21.92,21.34,15.34,30.42,21.58,16.2,29.49,21.94,17.37,29.13,82.4,17.98,16.18,21.37,0,4.79,9.65,121.76,120.8,10.437327,1.83,96
350,2026-01-10 00:00:00,21.33,20.52,22.18,20.43,14.35,30.28,20.71,15.09,29.13,21.27,16.43,28.44,81.69,16.88,15.09,21.47,0,5.2,10.95,175.19,156.62,13.531635,1.87,96
350,2026-01-11 00:00:00,21.26,20.53,21.89,18.06,12.48,27.19,18.35,13.23,26.21,18.72,13.43,25.67,88.27,16.21,7.7,20.83,0,5.59,12.89,188.39,115.86,10.010141999999998,1.66,96
350,2026-01-12 00:00:00,20.72,19.91,21.36,14.58,7.63,23.85,14.5,7.93,22.96,14.36,8.03,22.13,68.19,8.49,3.51,12.86,0,7.74,10.4,32.39,164.17,14.184504,1.47,96
350,2026-01-13 00:00:00,20.77,20.15,21.48,16.86,11.76,24.66,16.67,11.83,23.81,16.48,11.9,23.59,81.5,13.22,11.12,15.85,0,5.29,8.93,141.23,109.45,9.456183000000001,1.54,96
350,2026-01-14 00:00:00,20.9,20.51,21.35,17,13.37,20.93,16.92,14.18,20.2,16.77,14.47,19.6,77.94,12.89,10.84,13.95,0,5.42,11.93,267.11,113.28,9.787391999999999,1.39,96
350,2026-01-15 00:00:00,20.22,19.07,20.97,11.98,0.97,16.37,12.22,2.75,16.38,12.36,4.99,16.3,78.39,8.19,0.31,16.13,0.12,8.81,20.95,299.32,79.27,6.848694,1.36,96
350,2026-01-16 00:00:00,18.15,17.26,19.02,6.41,-2.47,16.84,7.04,-0.68,15.88,8.07,1.1,15.84,56.64,-2.32,-5.69,2.2,0,3.81,8.55,84.19,172.86,14.934888,1.03,96
350,2026-01-17 00:00:00,17.92,16.87,19.18,13.71,2.58,25.76,14.06,4.03,24.82,14.91,5.94,24.52,67.37,7.35,-0.57,11.01,0,5.19,9.6,140.23,174.74,15.097887,1.48,96
350,2026-01-18 00:00:00,18.44,18.06,18.82,12.07,5.43,25.21,12.27,6.24,24.69,12.56,6.59,24.13,83.67,9.49,4.02,18.22,0,7.49,26.2,202,87.31,7.543521,1.78,96
350,2026-01-19 00:00:00,17.54,16.71,18.25,7.24,-0.39,16.42,7.39,0.88,15.33,7.66,1.5,15.1,59.71,-1.56,-6.01,3.88,0,6.35,11.9,147.58,185.98,16.068942,1.16,96
350,2026-01-20 00:00:00,17.09,16.16,18.04,10.34,0.59,20.59,10.45,1.74,19.89,10.48,2.24,19.02,56.68,1.06,-2.29,5.22,0,8.16,13.06,53.57,183.86,15.885441000000002,1.43,96
350,2026-01-21 00:00:00,17.69,16.77,18.79,15.15,7.07,24.86,15.2,7.62,24.2,15.2,7.98,23.06,66.73,8.57,4.86,11.18,0,8.27,16.63,56.73,163.88,14.158944,1.76,96
350,2026-01-22 00:00:00,18.75,17.93,19.86,18.84,12.64,27.78,18.84,12.97,26.45,18.88,13.02,26.14,75,13.89,10.59,16.65,0,5.03,9.25,85.19,141.15,12.195125999999998,1.88,96
350,2026-01-23 00:00:00,19.64,18.72,20.82,19.99,13.46,29.61,20.04,13.91,28.28,20.19,14.23,27.81,79.52,15.84,13.8,18.94,0,4.63,8.47,124.95,163.77,14.149827,2.06,96
350,2026-01-24 00:00:00,20.3,19.34,21.38,20.77,13.11,29.34,20.87,14.11,28.6,20.92,15.15,27.63,79.71,16.75,13.72,19.97,0,6.09,11.07,85.61,163.93,14.163786,2.15,96
350,2026-01-25 00:00:00,20.96,20.24,21.72,22.4,15.99,30.1,22.41,16.61,29.21,22.24,17.08,28.34,85.65,19.57,16.52,21.87,0,9.17,19.14,170.87,133.92,11.570652,2.24,96
350,2026-01-26 00:00:00,21.37,20.49,21.63,17.37,7.26,22.35,17.31,7.54,22.47,17.13,7.7,22.3,86.1,14.9,-2.81,21.91,0.16,11.19,16.26,266.86,122.93,10.621016999999998,1.88,96
350,2026-01-27 00:00:00,19.1,18.28,20.44,5.91,-0.97,14.37,6.02,-0.14,13.15,6.28,0.13,13.11,47.08,-5.45,-9.21,-1.12,0,6.34,13.38,124.32,197.64,17.076042,1.30,96
350,2026-01-28 00:00:00,17.71,16.82,18.53,6.57,-0.48,17.33,6.63,0.51,16.06,6.94,0.76,15.66,54.39,-4.05,-8.7,0.8,0,6.32,12.23,227.11,198.33,17.136117,1.46,96
350,2026-01-29 00:00:00,17.21,16.14,18.33,8.55,-2.53,20.84,9.11,-0.49,19.65,9.95,1.76,19.63,59.64,-1.01,-6.91,2.64,0,4.45,8.94,110.87,198.31,17.134092,1.57,96
350,2026-01-30 00:00:00,17.52,16.51,18.76,12.88,2.89,22.79,12.87,3.69,21.81,13.15,4.9,21.34,68.81,6.27,1.83,11.3,0,4.5,9.4,229.06,180.9,15.629472,1.76,96
350,2026-01-31 00:00:00,17.92,17.09,18.31,10.35,2.13,14.65,10.34,2.28,14.66,10.28,2.26,14.69,78.21,6.58,-5.75,13.01,0.03,10.58,22.54,312.91,40.97,3.539646,1.49,96
410,2026-01-01 00:00:00,17.5,17.19,18.07,9.99,2.29,19,9.98,2.69,18.01,11.4,3.27,17.66,74.15,5.16,1.19,8.33,0,4.97,10.7,256.39,170.5,14.731245,1.04,96
410,2026-01-02 00:00:00,17.14,16.71,17.57,12.26,2.99,23.34,12.33,4.15,21.21,13.4,5.59,21.51,74.1,7.34,2.95,10.97,0,4.31,6.87,231.56,165.01,14.256585,1.17,96
410,2026-01-03 00:00:00,17.5,17.07,18.13,16.03,7.01,26.13,16.08,7.92,25.18,16.67,8.99,25,76.29,11.37,6.63,14.31,0,5.47,9.4,232.75,159.13,13.748913,1.44,96
410,2026-01-04 00:00:00,18.42,18.11,19.09,19.03,15.04,25.55,18.83,15.23,24.42,19.03,15.72,24.07,83.56,15.83,13.34,18.91,0.12,5.23,8.85,176.13,146.58,12.66471,1.61,96
410,2026-01-05 00:00:00,19.08,18.8,19.58,18.81,14.19,25.93,18.68,14.25,24.82,18.83,14.43,24.19,85.91,16.11,13.46,19.69,0,4.45,6.79,123.21,134.75,11.642094,1.57,96
410,2026-01-06 00:00:00,19.62,19.22,20.18,19.64,11.87,28.96,19.45,12.46,27.32,20.45,14.03,27.09,80.58,15.67,11.42,19.37,0,3.11,5.63,120.14,139.37,12.041658000000002,1.61,96
410,2026-01-07 00:00:00,20.11,19.69,20.61,19.74,11.81,29.33,19.5,12.33,27.39,20.3,13.74,27.06,80.28,15.64,11.46,18.64,0,3.68,6.26,185.4,163.82,14.15439,1.63,96
410,2026-01-08 00:00:00,20.39,20.02,20.75,20.21,13.21,29.03,20.17,13.71,28.11,21.02,15.11,27.32,82.25,16.73,12.88,20.43,0,4.21,8.8,111.83,143.11,12.364974000000002,1.72,96
410,2026-01-09 00:00:00,20.6,20.31,20.94,21.43,14.94,28.58,21.47,16.01,27.77,21.99,17.15,27.35,82.62,18.1,15.05,21.05,0.01,5.78,12.88,103.81,129.33,11.173752,1.79,96
410,2026-01-10 00:00:00,20.92,20.67,21.22,21.29,15.5,28.87,21.24,16.22,27.81,21.74,17.78,27.24,83.23,18,15.32,21.03,0.01,4.46,9.61,102.81,131.94,11.399966999999998,1.78,96
410,2026-01-11 00:00:00,21.16,20.84,21.62,21.94,15.29,29.65,21.87,16.22,28.34,22.48,18.41,27.94,80.82,18.15,15.29,20.95,0,4.77,13.04,215.23,145.21,12.545856,1.85,96
410,2026-01-12 00:00:00,21.23,21.05,21.61,19.82,15.95,24.33,19.86,16.29,23.88,19.87,16.46,23.42,75.2,15.29,12.35,17.52,0,8.22,13.45,74.72,84.58,7.308135,1.52,96
410,2026-01-13 00:00:00,20.84,20.71,21.04,19.79,17.04,24.15,19.76,17.09,23.57,19.84,17.12,23.16,82.92,16.73,14.77,18.22,0,6.18,11.77,60.06,71.15,6.147287999999999,1.42,96
410,2026-01-14 00:00:00,20.81,20.69,20.94,19.02,13.17,23.68,19.06,13.57,23.42,19.4,14.65,23.04,83.14,16,11.83,18.32,0.02,5.49,13.23,247.16,90.75,7.841133000000001,1.51,96
410,2026-01-15 00:00:00,20.29,19.61,20.86,14.33,7.82,18.77,14.48,8.43,18.56,14.64,8.69,17.74,78.84,10.65,1.78,16.53,0.2,9.36,20.97,281.21,67.13,5.799906,1.40,96
410,2026-01-16 00:00:00,18.51,18.02,19.58,10.91,1.78,18.54,10.73,2.68,17.08,10.96,3.16,17.02,66.83,4.73,-3.36,10.53,0,5.7,12.66,144.06,177.21,15.311258999999998,1.13,96
410,2026-01-17 00:00:00,18.29,18,18.89,17.9,11.11,26.8,17.84,11.39,24.87,18.08,11.88,24.74,79.76,14.11,9.39,18.06,0,4.63,8.64,103.15,120.32,10.286955,1.62,96
410,2026-01-18 00:00:00,19.13,18.9,19.44,18.12,11.33,26.89,18.3,11.56,27.08,18.56,11.7,26.32,82.7,15.17,8.14,22.39,0.07,9.16,22.29,256.57,97.65,8.436933000000002,1.88,96
410,2026-01-19 00:00:00,18.4,17.87,19.28,11.32,5.96,17.47,11.27,6.36,16.5,11.14,6.44,16.05,70.74,5.99,2.97,8.19,0,10.72,16.33,190.33,182.3,15.750980999999998,1.35,96
410,2026-01-20 00:00:00,17.43,17.14,17.86,14.75,7.48,22.36,14.85,7.94,22.19,14.84,8.11,21.37,66.47,8.51,2.58,12.57,0,11.09,17.4,28.55,159.23,13.757688,1.70,96
410,2026-01-21 00:00:00,17.57,17.32,18.03,17.61,10.77,24.19,17.68,11.16,23.43,17.73,11.64,22.75,73.44,12.66,8.98,15.95,0,8.71,17.24,51.6,131.41,11.353734,1.75,96
410,2026-01-22 00:00:00,18.62,18.04,19.49,21.64,18.32,27.36,21.56,18.33,26.91,21.63,18.7,26.26,84.43,18.68,16.2,20.88,0.03,5.9,10.02,47.7,116.4,10.056537,1.91,96
410,2026-01-23 00:00:00,19.82,19.46,20.59,21.71,16.49,28.73,21.45,16.81,27.71,21.54,17.28,27.08,84.9,18.64,15.99,21.17,0.01,5.18,8.87,141.74,170.94,14.768847,2.19,96
410,2026-01-24 00:00:00,20.55,20.28,20.91,21.76,15.97,28.95,21.73,16.7,27.84,21.91,17.28,27.44,82.72,18.42,15.8,21.25,0,6.42,14.07,75.25,167.87,14.50395,2.23,96
410,2026-01-25 00:00:00,20.92,20.64,21.37,23.01,16.17,30.04,23.03,16.89,29.52,23.32,18.28,29.02,81.85,19.48,15.9,21.91,0,7.56,15.07,151.28,164.46,14.209316999999999,2.36,96
410,2026-01-26 00:00:00,21.44,21.27,21.7,21.48,12.32,29.96,21.54,12.46,29.73,21.59,12.45,28.48,85.61,18.9,9.35,23.82,0.1,9.36,17.38,268.59,101.11,8.735787,2.20,96
410,2026-01-27 00:00:00,20.14,19.06,21.58,11.04,7.2,16.15,10.99,7.59,15.43,10.86,7.65,14.79,63.4,4.09,2.23,9.51,0,12.47,18.64,104.28,193.62,16.728615,1.59,96
410,2026-01-28 00:00:00,18.17,17.77,19.03,11.41,4.99,17.49,11.57,6.53,16.75,11.62,7.29,16.09,59.53,3.68,-1.09,5.95,0,9.11,14.35,159.32,133.41,11.526615,1.55,96
410,2026-01-29 00:00:00,17.32,16.98,17.76,12.44,2.26,22.89,12.53,2.83,21.34,12.9,4.53,21.36,61.68,4.84,-0.42,9.38,0,6.31,11.57,111.88,193.23,16.695405,1.75,96
410,2026-01-30 00:00:00,17.48,17.29,17.82,15.15,10.45,21.32,15.2,10.97,20.66,15.54,11.73,20.46,82.06,12.04,8.44,15.02,0,3.96,6.37,145.99,70.07,6.053958,1.54,96
410,2026-01-31 00:00:00,17.6,17.35,17.82,12,4.99,16.18,12.21,5.2,15.98,12.42,5.21,15.44,80.31,8.83,-2.93,12.96,0.03,9.82,25.6,296.51,50.37,4.306337999999999,1.49,96
190,2026-01-01 00:00:00,12.65,10.84,14.56,9.36,-2.37,21.56,10.11,1.22,19.89,11.17,3.55,19.87,62.1,2.39,-2.14,6.79,0,4.96,9.79,258.17,157.42,13.600755,1.13,96
190,2026-01-02 00:00:00,13.32,12.08,14.68,11.94,2.21,21.02,12.14,3.22,19.65,13.46,5.97,19.99,82.15,8.99,2.15,13.87,0,3.18,6.55,185.16,75.32,6.507819,1.35,96
190,2026-01-03 00:00:00,15.47,14.68,16.34,16.97,12.64,19.52,17.09,13.26,19.37,17.55,15.32,19.66,91.46,15.67,12.52,17.53,1.67,5.26,10.37,210.74,14.35,1.239615,1.18,96
190,2026-01-04 00:00:00,15.65,14.71,17.04,14.06,7.15,21.2,13.84,9.06,19.15,14.25,9.81,19.75,86.35,11.45,8.05,14.25,0,5.22,10.74,82.07,124.29,10.738404,1.25,96
190,2026-01-05 00:00:00,15.29,14.38,16.47,12.75,6.67,21.05,12.46,7.52,18.7,13.05,9.13,19.89,89.07,10.62,6.52,13.39,0,3.55,8.63,117.66,88.62,7.656381,1.26,96
190,2026-01-06 00:00:00,15.82,14.36,17.79,17.18,8.41,26.99,16.87,9.07,25.26,17.28,10.89,24.83,84.94,14.08,8.3,18.27,0,5.05,11.41,172.1,129.69,11.204919,1.53,96
190,2026-01-07 00:00:00,17.74,16.58,19.44,20.18,16.69,27.48,19.85,16.86,25.84,20.08,17.05,25.84,86.56,17.33,15.95,20.11,0,5.35,9.51,234.39,111.91,9.668825999999997,1.64,96
190,2026-01-08 00:00:00,18.54,17.64,19.77,18.74,15.5,25.17,18.38,15.83,23.93,18.65,16.25,23.92,91.89,16.99,14.97,20.71,0.01,3.47,9.38,141.61,85.91,7.422794999999999,1.45,96
190,2026-01-09 00:00:00,18.67,17.14,20.32,20.15,13.05,27.48,19.79,13.53,26.2,20.18,14.68,26.14,87.71,17.57,12.78,20.78,0,5.88,10.1,138.64,128.17,11.073879,1.67,96
190,2026-01-10 00:00:00,20.38,19.32,21.87,22.67,19.03,28.86,22.19,18.99,27.34,22.33,19.11,27.05,82.52,18.83,17.16,19.96,0.39,6.17,11.23,197.23,132.18,11.420091,1.86,96
190,2026-01-11 00:00:00,19.26,17.12,21.24,13.61,7.52,18.73,13.28,7.65,18.65,13.51,7.99,18.81,63.89,6,-4.89,17.61,0.02,8.63,13.88,295.78,122.3,10.567071,1.33,96
190,2026-01-12 00:00:00,14.77,13.33,17.02,5.31,-1.22,13.24,5.35,-0.05,11.36,6.18,1.38,11.36,53.67,-3.81,-5.45,-0.21,0,5.78,10.85,38.04,138.48,11.964978,0.96,96
190,2026-01-13 00:00:00,12.85,10.88,14.56,5.55,-4.71,19.13,5.77,-3.85,16.51,8.04,-0.72,17.24,61.93,-2.62,-6.14,1.95,0,2.99,5.16,145.72,169.55,14.648868000000002,0.99,96
190,2026-01-14 00:00:00,13.02,12.25,13.89,8.97,0.97,15.97,9.05,2.61,14.73,9.93,4.96,14.76,76.44,4.95,-0.53,8.2,0,4.58,15.02,248.26,73.85,6.380235,1.20,96
190,2026-01-15 00:00:00,13.07,12.04,14.02,6.09,-5.5,11.57,6.1,-3.51,11.58,6.6,0.88,11.84,62.3,-1.37,-7.76,8.31,0.01,7.45,13.29,307.99,170.18,14.703327,0.94,96
190,2026-01-16 00:00:00,11.21,9.14,13.03,4.7,-7.57,17.33,4.53,-6.99,15.47,5.88,-4.06,15.48,66.98,-1.88,-8.84,5.31,0,4.79,9.26,147.09,173.79,15.015195,1.03,96
190,2026-01-17 00:00:00,12.51,11.34,13.75,12.01,6.18,22.4,11.83,6.49,20.09,12.23,7.14,20.22,87.68,9.77,5.01,13.35,0.5,4.77,10.89,170.94,66.08,5.709447,1.45,96
190,2026-01-18 00:00:00,11.9,10.71,13.6,4,-4.59,9.29,3.93,-3.35,7.68,4.82,0.69,7.81,80.92,0.55,-4.93,6.48,0.71,6.78,12.89,275.46,115.35,9.965889,0.95,96
190,2026-01-19 00:00:00,9.58,7.81,11.3,2.77,-5.98,14,3.4,-5.03,12.21,5.12,-1.23,12.59,63.13,-3.71,-6.97,-1.29,0,4.49,10,300.25,177.87,15.368067,0.99,96
190,2026-01-20 00:00:00,9.78,7.91,11.75,4.8,-3.96,16.68,5.15,-3.21,14.84,7.31,0.58,15.04,65.9,-1.55,-4.87,0.63,0,4.45,10.92,59.99,174.47,15.0741,1.12,96
190,2026-01-21 00:00:00,10.35,8.88,11.88,9.39,0.75,17.9,9.45,2.1,16.32,10.47,4.22,16.51,64.32,2.68,-1.52,8.04,0,4.95,8.25,95.94,106.23,9.178524000000001,1.33,96
190,2026-01-22 00:00:00,12.66,10.99,15.23,16.58,7.93,26.98,16.31,8.51,24.71,16.98,10.08,25.1,68.42,10.22,4.91,14.5,0,4.1,7.41,160.11,145.12,12.538494,1.71,96
190,2026-01-23 00:00:00,14.18,13.31,15.07,14.6,9.86,20.8,14.51,10.3,19.45,15.24,11.24,20.09,88.61,12.62,8.88,16.07,0,3.19,8.78,148.51,53.55,4.626351,1.38,96
190,2026-01-24 00:00:00,15.14,14.19,16.45,16.03,12.24,21.25,15.64,12.16,20.18,15.81,12.35,20.2,84.42,12.95,11,15.23,0,6.15,11.49,70.01,99.95,8.635625999999998,1.53,96
190,2026-01-25 00:00:00,16.14,15.37,17.27,17.64,14.11,26.22,17.4,14.11,25.49,17.59,14.38,25.42,89.37,15.59,12.28,21.35,0.39,7.18,17.76,170.56,50.41,4.355802,1.67,96
190,2026-01-26 00:00:00,14.75,12.72,16.83,5.6,-1.15,15.45,5.18,-0.72,15.25,5.33,-0.24,15.69,72.14,0.05,-7.15,14.39,0.12,9.44,16.65,327.44,154.59,13.356431999999998,1.45,96
190,2026-01-27 00:00:00,10.7,8.92,12.62,0.64,-5.54,10.42,0.68,-5.18,8.38,1.55,-4.8,8.86,55.21,-8.03,-11.16,-5.43,0,5.04,9.67,309.07,192.58,16.638993,1.07,96
190,2026-01-28 00:00:00,9.8,7.95,11.64,2.95,-8.06,14.68,3.58,-6.12,12.92,5.02,-2.83,12.98,58.13,-4.73,-8.55,-2.75,0,4.05,8.31,291.02,185.35,16.013907,1.24,96
190,2026-01-29 00:00:00,9.98,7.93,12.13,5.34,-5.98,18.34,5.88,-4.39,15.85,8,-1.03,16.53,60.23,-2.44,-6.21,1.23,0,3.37,7.26,132.45,179.85,15.538806,1.37,96
190,2026-01-30 00:00:00,10.22,8.83,11.54,5.22,-2.96,15.55,5.49,-2.24,13.79,7.2,1.49,14.11,80.77,2.26,-3.56,8.23,0.02,3.21,8.25,112.78,97.39,8.41419,1.35,96
190,2026-01-31 00:00:00,9.8,8.77,11.06,1.55,-4.7,6.86,1.42,-4.55,7.12,1.77,-4.26,8.16,60.16,-5.76,-13.36,3.85,0,10.87,17.6,317.08,141.49,12.224565,1.19,96
230,2026-01-01 00:00:00,10.13,8.37,11.91,8.53,-1.58,20.47,8.79,-0.89,19.52,9.88,1.87,18.56,65.64,1.27,-2.58,7.56,0,5.17,10.71,272.89,160.54,13.870386,1.11,96
230,2026-01-02 00:00:00,11.12,9.51,13.01,11.91,3.57,23.42,12.02,4.07,22.45,13.02,6.26,21.1,84.36,9.17,3.25,13.59,0,4.07,10.49,210.04,115.12,9.946044,1.37,96
230,2026-01-03 00:00:00,13.03,11.48,14.87,16.56,10.56,24.98,16.52,10.69,24.74,16.82,11.51,23.16,87.77,14.36,9.8,18.65,0.73,6.05,14.12,183.49,116.41,10.057905,1.54,96
230,2026-01-04 00:00:00,13.77,13.43,14.22,13.74,11.89,15.34,13.55,11.84,15.09,13.86,12.15,15.17,93.18,12.47,10.73,14.08,0.01,4.18,7.51,79.21,34.07,2.943945,1.03,96
230,2026-01-05 00:00:00,14.06,13.05,15.66,15.22,11.98,23.08,15,11.77,22.03,15.32,11.92,21.7,89.14,13.16,10.69,16.86,0.04,3.11,5.64,108.85,97.48,8.422452,1.37,96
230,2026-01-06 00:00:00,14.52,13.05,16.18,16.84,9.39,25.54,16.8,9.62,25.2,17.2,11.8,23.85,86.56,14.38,8.62,18.65,0,3.72,8.31,169.13,128.83,11.130641999999998,1.50,96
230,2026-01-07 00:00:00,15.82,14.8,17.31,19.63,15.15,26.83,19.47,15.22,26.67,19.59,15.92,24.88,85.95,16.9,14.01,19.73,0,3.92,8.59,232.51,115.17,9.95058,1.64,96
230,2026-01-08 00:00:00,16.07,14.74,17.57,19,13,27.71,18.91,12.86,26.66,19.32,13.88,25.91,83.51,15.83,11.82,19.34,0,2.99,5.16,108.11,125.47,10.840761,1.60,96
230,2026-01-09 00:00:00,16.78,15.42,18.34,21.17,16.24,30.54,21.14,16.46,29.74,21.44,16.85,28.61,80.62,17.34,15.22,20.62,0,4.37,7.09,155.75,151.2,13.063968000000003,1.92,96
230,2026-01-10 00:00:00,17.05,15.76,18.37,20.13,15.22,28.7,20.21,15.4,27.93,20.67,16.22,26.58,81.67,16.62,14.26,20.68,0,4.53,10.43,184.96,148.66,12.84417,1.80,96
230,2026-01-11 00:00:00,16.32,15.03,16.89,15.65,7.75,20.1,15.5,7.64,19.94,15.93,8.43,19.9,76.3,10.92,1.24,18.84,0.01,5.29,10.88,251.09,84.03,7.259886,1.38,96
230,2026-01-12 00:00:00,13.99,12.57,14.98,9.93,3.45,16.89,9.53,3.32,16.01,9.62,3.83,15.43,67.09,3.63,-2.47,8.68,0,6.89,9.88,33.25,153.3,13.245444,1.13,96
230,2026-01-13 00:00:00,14.48,13.17,15.75,13.45,7.11,20.61,13.07,6.91,19.71,13.22,7.22,19.17,70.65,7.69,4,10.4,0,4.46,7.49,85.77,127.95,11.05497,1.30,96
230,2026-01-14 00:00:00,14.49,13.82,14.95,12.5,9.97,16.49,12.2,9.96,15.7,12.51,10.73,15.39,78.03,8.15,3.06,10.18,0.07,3.62,10.67,227.96,50.31,4.30173,1.14,96
230,2026-01-15 00:00:00,13.06,11.23,13.83,8.94,0.23,12.76,8.77,1.09,12.04,9.21,2.8,11.5,66.58,1.94,-8.09,10.05,0.04,7.58,16.13,285.77,165.04,14.25915,0.98,96
230,2026-01-16 00:00:00,10.31,8.55,11.84,4.59,-5.52,15.5,4.69,-4.94,14.59,5.79,-2.68,15.45,52.4,-5.71,-8.28,-1.97,0,3.54,6.69,200.88,175.33,15.148781999999999,0.96,96
230,2026-01-17 00:00:00,11.07,8.87,13.43,12.69,0.14,23.88,12.72,0.59,22.79,13.28,2.63,21.98,58.81,4.4,-3.61,10.04,0,4.57,8.5,161.76,133.48,11.532474000000002,1.47,96
230,2026-01-18 00:00:00,12.04,10,12.97,8.58,-0.28,13.83,8.42,-0.12,13.93,9.02,1.03,14.86,88.75,6.63,-1.06,10.75,0.51,5.41,15.47,240.88,30.72,2.6540189999999995,1.33,96
230,2026-01-19 00:00:00,9.2,7.47,10.72,4.45,-3.55,13.58,4.32,-3.26,13.09,5.21,-1.03,12.58,68.26,-2.15,-5.21,1.29,0,3.85,7.46,272.95,181.84,15.710633999999999,1.01,96
230,2026-01-20 00:00:00,9.08,7.09,11.11,7.55,-2.44,17.53,7.73,-1.43,16.32,8.43,0.54,15.99,56.23,-1.39,-4.03,0.94,0,5.39,10.05,67.79,165.07,14.262219,1.23,96
230,2026-01-21 00:00:00,10.41,8.33,12.85,12.5,3.25,22.86,12.33,3.38,21.68,12.53,4.52,20.58,67.73,6.05,0.32,10.64,0,5.66,8.39,62.17,166.39,14.376186,1.51,96
230,2026-01-22 00:00:00,12.92,11.47,14.83,16.85,11.38,26.16,16.78,11.37,25.17,17.12,11.72,24.36,73.66,11.53,9.87,14.59,0,3.6,5.94,85.71,153.3,13.244841,1.77,96
230,2026-01-23 00:00:00,13.96,11.99,16.04,17.92,9.54,28.01,17.88,10.08,27.06,18.27,11.27,26.42,75.72,12.99,9.02,16.84,0,3.72,7.66,132.34,167.39,14.462199000000002,1.87,96
230,2026-01-24 00:00:00,14.84,13.57,16.24,17.13,12.62,23.47,16.95,12.83,22.73,17.03,13.3,22.03,85.1,14.35,11.66,17.23,0,6.4,10.23,60.24,101.62,8.779734,1.67,96
230,2026-01-25 00:00:00,15.98,14.74,17.48,20.37,14.63,27.95,20.16,14.46,27.78,20.14,14.6,26.96,86.46,17.69,13.29,21.13,0,8.24,15.69,161.9,109.07,9.423837,2.02,96
230,2026-01-26 00:00:00,16.68,14.62,17.58,14.65,2.19,22.25,14.24,2.07,22.17,14.38,2.96,22.37,75.11,9.74,-4.51,20.64,0,8.7,13.26,299.21,146.64,12.670074000000001,1.81,96
230,2026-01-27 00:00:00,12.66,11,14.52,3.31,-2.96,12.17,3.08,-3.12,11.76,3.63,-2.47,11.45,45.83,-8.38,-10.12,-4.95,0,5.18,9.31,274.27,191.23,16.521894000000003,1.21,96
230,2026-01-28 00:00:00,11.16,9.45,12.87,4.93,-3.41,15.88,4.8,-3.26,14.96,5.45,-1.94,14.31,50.33,-6,-8.63,-1.79,0,4.62,7.79,279.46,179.64,15.520850999999999,1.35,96
230,2026-01-29 00:00:00,10.88,8.61,13.11,7.55,-3.11,19.64,7.66,-2.97,18.98,8.62,0.12,18.19,58.49,-1.66,-4.46,2.14,0,3.7,6.18,153.65,190.81,16.485858,1.51,96
230,2026-01-30 00:00:00,11.53,9.31,13.63,10.31,-1.72,22.03,10.27,-1.11,20.66,11.18,2.49,19.56,63.7,2.58,-4.09,7.1,0,3.96,7.87,183.36,150.72,13.022469,1.67,96
230,2026-01-31 00:00:00,11.98,10.46,13.19,6.1,-3,13.31,5.75,-3.2,12.9,6,-2.63,11.42,62.46,-1.33,-12.65,5.38,0,9.79,22.8,299.22,152.89,13.209975,1.46,96
315,2026-01-01 00:00:00,13.43,11.89,14.8,8.08,-0.76,18.9,7.56,-1.33,18.18,8.17,-0.72,17.84,73.45,2.07,-2.17,6.43,0,2.14,7.01,184.17,106.75,9.223569,1.17,96
315,2026-01-02 00:00:00,14.2,12.44,16.13,12.69,4.34,22.28,12.28,3.82,21.51,12.94,4.44,21.54,81.13,8.75,3.01,12.93,0,2.25,7.84,168.7,102.14,8.825139,1.32,96
315,2026-01-03 00:00:00,15.68,14.46,17.05,16.97,12.17,25.04,16.71,12,23.97,17.1,12.85,23.88,91.46,15.18,11.16,17.75,0.28,2.95,10.31,173.71,54.39,4.698864,1.45,96
315,2026-01-04 00:00:00,16.9,15.46,18.42,15.85,12.25,20.88,15.4,11.84,20.36,15.78,12.41,20.25,92.03,14.05,11.5,17.11,0.02,1.34,2.83,85.62,69.58,6.011298,1.26,96
315,2026-01-05 00:00:00,17.25,16.24,18.78,16.53,12.4,24.63,16.06,12.26,23.78,16.44,13.08,24.45,88.85,14.05,11.61,17.31,0,1.38,3.48,137.11,88.53,7.649307,1.41,96
315,2026-01-06 00:00:00,17.3,15.46,19.09,17.41,10.64,26.39,17.08,10.22,25.97,17.62,10.69,25.86,84.98,14.19,9.78,18.22,0,2.26,8.55,174.82,96.13,8.30565,1.53,96
315,2026-01-07 00:00:00,18.15,16.75,19.78,18.98,13.67,26.22,18.61,13.38,25.86,18.98,13.88,25.77,88.27,16.38,12.88,20.41,0,1.86,5.47,169.76,87.85,7.590312000000001,1.52,96
315,2026-01-08 00:00:00,19.32,17.92,21.06,20.15,15.65,28.42,19.79,15.28,27.64,20.15,15.62,27.53,83.16,16.41,14.92,20.59,0,1.14,3.35,124.16,107.41,9.28026,1.61,96
315,2026-01-09 00:00:00,19.9,18.36,21.53,22.01,17.41,29.72,21.81,17.3,28.89,22.23,17.91,29.05,82.79,18.44,16.74,20.71,0,1.58,3.71,122.57,94.18,8.137071,1.67,96
315,2026-01-10 00:00:00,20.2,18.59,21.73,20.27,14.08,29.11,19.91,13.65,28.57,20.31,14.21,28.15,81.9,16.27,13.15,20.1,0,2.01,8.15,157.3,108.47,9.37197,1.67,96
315,2026-01-11 00:00:00,19.63,18.41,20.52,16.8,10.53,23.67,16.35,10.32,22.92,16.91,11.39,22.88,87.26,14.12,3.75,20.55,0.01,1.77,4.35,133.94,57.92,5.004324,1.43,96
315,2026-01-12 00:00:00,16.71,14.92,18.31,12.11,5.07,20.14,11.61,4.51,19.4,12.13,5.37,20.12,72.92,6.79,0.97,11.7,0,2.09,3.78,54.41,106.35,9.188343000000001,1.26,96
315,2026-01-13 00:00:00,16.96,15.63,18.57,15.21,10.28,23.64,14.68,9.8,23.1,15.02,10.36,23.27,80.79,11.25,8.12,15.06,0.07,2.16,6.85,152.37,97.84,8.453259,1.43,96
315,2026-01-14 00:00:00,16.97,16.23,17.56,14.61,11.88,18.2,14.17,11.67,17.47,14.56,12.36,17.46,86.44,11.8,10.14,13.4,0.05,2.42,8.68,219.17,56.85,4.91175,1.17,96
315,2026-01-15 00:00:00,15.81,13.47,16.72,11.27,3.52,14.66,10.75,3.14,14.29,11.27,4.3,14.63,76.05,6.33,-2.86,13.74,0.3,4.34,12.28,253.38,92.63,8.003006999999998,1.14,96
315,2026-01-16 00:00:00,12.14,10.16,13.58,5.72,-2.65,16.05,5.1,-3.43,15.42,5.92,-2.66,15.98,59.7,-3.36,-6.6,0.33,0,1.57,4.52,136.64,122.74,10.604997,1.09,96
315,2026-01-17 00:00:00,12.32,10.02,14.93,12.38,0.69,24.77,12.01,0.05,24.05,12.63,0.67,24.19,69.95,5.74,-1.32,10.53,0,1.62,4.14,133.04,118.15,10.207899000000001,1.47,96
315,2026-01-18 00:00:00,13.86,12.88,14.49,11.04,3.77,20.67,10.53,3.21,20.62,11.05,4.07,20.29,86.94,8.43,1.91,17.34,0.07,2.6,9.43,183.79,42.8,3.6977760000000006,1.54,96
315,2026-01-19 00:00:00,11.59,9.61,13.1,5.77,-1.59,15.21,5.17,-2.18,14.75,5.81,-1.63,15,69.16,-1.39,-5.56,1.56,0,1.73,5.4,133.03,125.96,10.882602,1.13,96
315,2026-01-20 00:00:00,11.05,8.84,13.23,8.43,-1.52,19.34,8.03,-2.04,18.49,8.76,-1.11,19.39,60.24,-0.84,-3.87,3.33,0,1.57,3.62,90.32,126.65,10.942443000000003,1.29,96
315,2026-01-21 00:00:00,12.57,10.24,15.28,14.55,6.38,23.81,14.37,6.19,22.6,14.86,7.68,22.48,65.59,7.75,2.89,11.53,0,2.04,3.16,75.63,126.55,10.933668000000003,1.52,96
315,2026-01-22 00:00:00,15.19,13.25,17.61,17.37,11.55,26.31,17.07,11.38,25.68,17.61,12.15,25.76,77.26,12.65,10.36,16.07,0,1.18,2.75,93.53,113.02,9.764856,1.68,96
315,2026-01-23 00:00:00,16.49,14.77,18.41,18.54,12.09,28.38,18.31,11.93,27.46,18.88,13.08,27.96,81.44,14.59,11.41,17.65,0,1.51,6.67,157.27,105.06,9.076841999999997,1.78,96
315,2026-01-24 00:00:00,17.54,15.66,19.73,19.8,13.29,28.22,19.58,13.21,27.28,20,13.97,27.55,81.85,16.06,12.55,18.92,0,1.51,2.68,87.43,113.81,9.832797,1.81,96
315,2026-01-25 00:00:00,19.15,17.58,21.06,22.43,16.97,28.99,22.16,16.87,28.49,22.24,17.18,28.17,85.19,19.35,16.05,21.4,0,3.56,8.04,157.34,123.6,10.678977,2.02,96
315,2026-01-26 00:00:00,19.16,16.26,20.35,15.24,4.98,22.35,14.8,4.65,22.22,15.2,5.59,22.41,85.31,12.29,-3.48,21.33,0.13,4.61,8.15,215.65,65.98,5.700384000000001,1.72,96
315,2026-01-27 00:00:00,14.06,11.98,16.14,4.4,-1.81,13.94,3.69,-2.43,13.07,4.33,-1.48,13.28,58.13,-4.87,-9.53,-1.26,0,1.63,4.48,99.74,151.3,13.072653,1.21,96
315,2026-01-28 00:00:00,12.35,10.4,14.23,4.85,-1.96,14.9,4.19,-2.61,13.96,4.84,-1.73,14.11,64.71,-3.11,-7.71,1.37,0,2.27,7.99,174.81,151.62,13.099653,1.28,96
315,2026-01-29 00:00:00,12.01,9.59,14.53,7.36,-2.4,20.55,6.82,-2.97,19.2,7.44,-2.25,19.73,66.57,-0.9,-3.73,3.14,0,1.28,3.3,118.77,153,13.219524000000002,1.48,96
315,2026-01-30 00:00:00,12.97,10.58,15.46,11.49,1.01,22.49,11.03,0.49,21.89,11.43,1.02,21.49,71.68,5.27,-0.38,10.97,0,2.16,6.85,199.59,137.36,11.868066,1.67,96
315,2026-01-31 00:00:00,13.84,12.12,14.76,8.65,-0.88,14.17,8.1,-1.43,13.95,8.64,-0.76,14.29,69.96,2.82,-10.76,11.74,0,5.32,12.89,270.82,39.87,3.4451189999999996,1.42,96
150,2026-01-01 00:00:00,10.18,7.64,13.1,8.74,-1.15,21.34,8.89,-0.62,20.36,10.31,0.62,19.89,70.16,2.46,-1.66,6.5,0,2.81,6.55,272.9,151.37,13.078278,1.10,96
150,2026-01-02 00:00:00,11.48,9.49,13.66,12.02,4.17,20.11,12.12,4.27,18.92,13.37,5.36,19.34,86.54,9.86,3.06,15.61,0,2.17,6.09,178.96,95.32,8.149644,1.23,96
150,2026-01-03 00:00:00,14.58,12.73,16.86,19.2,13.37,27.16,19.04,13.43,26.64,19.17,14.56,25.94,83.62,16.11,10.71,19.59,0.63,4.53,8.77,222.31,95.23,8.228214,1.60,96
150,2026-01-04 00:00:00,14.41,13.9,15.24,13.59,11.92,15.44,13.26,11.63,15.16,13.4,12.13,15.31,86.67,11.06,9.51,11.99,0,2.16,5.76,47.34,23.21,2.005227,1.04,96
150,2026-01-05 00:00:00,14.05,12.62,15.85,12.74,9.13,17.54,12.54,9.2,17.05,12.75,9.78,16.93,88.81,10.74,7.59,15.12,0,1.68,3.61,128.12,79.36,6.856803,1.16,96
150,2026-01-06 00:00:00,14.71,12.83,16.84,15.59,9.25,21.56,15.59,9.14,20.72,16.23,9.47,20.31,86.24,13.3,7.42,18.53,0,1.94,5.49,160.09,91.34,7.809687000000001,1.31,96
150,2026-01-07 00:00:00,16.03,14.38,18.29,18.89,13.15,25.35,18.96,13.78,24.57,19.51,15.12,23.81,82.38,15.87,10.98,20.83,0,3.04,8.6,227.53,108.48,9.372744,1.51,96
150,2026-01-08 00:00:00,16.53,15.42,17.89,16.92,14.1,22.3,16.64,13.96,21.73,16.81,14.21,21.81,83.96,13.91,11.18,19.49,0,1.4,3.18,105.82,66.66,5.759469,1.31,96
150,2026-01-09 00:00:00,16.96,14.76,19.38,17.7,11.48,23.65,17.5,11.23,22.98,18.08,13.19,22.71,83.89,14.74,8.19,20.41,0,2.41,6.87,102.83,138.02,11.925108000000002,1.41,96
150,2026-01-10 00:00:00,18.61,17.18,20.77,20.37,18.23,24.58,19.98,17.8,24.03,19.98,18.11,23.25,82.47,16.89,13.69,21.51,0,3.55,6.76,168.61,134.57,11.627136,1.65,96
150,2026-01-11 00:00:00,17.9,15.23,19.18,14.99,7.94,20.67,14.59,7.68,20.38,14.68,7.97,20.53,67.55,8.27,0.25,16.16,0.07,6.22,12.65,318.75,132.74,11.468331,1.35,96
150,2026-01-12 00:00:00,13.21,11.16,15.13,7.16,1.43,14.91,6.89,1.2,14.32,7.05,1.45,13.83,58.87,-1.06,-3.54,1.57,0,4.57,7.11,114.6,144.03,12.444399000000002,1.03,96
150,2026-01-13 00:00:00,11.69,9.38,14.05,7.02,-0.38,16.17,6.87,-0.54,15.3,7.34,0.16,15.27,71.62,1.53,-2.01,6.03,0,2.77,5.55,232.43,155.9,13.469975999999997,1.00,96
150,2026-01-14 00:00:00,11.51,10.45,12.77,9.36,3.03,15.9,9.17,3.22,15.17,9.51,4.54,14.83,84.26,6.56,2.01,11.18,0,2.15,6.58,283.41,54.65,4.72212,1.21,96
150,2026-01-15 00:00:00,11.76,10.25,13.4,7.24,-2.76,12.19,7.04,-1.92,11.41,7.4,-0.73,11.55,68,0.44,-7.87,9.38,0,4.7,9.55,319.26,165.22,14.27535,0.90,96
150,2026-01-16 00:00:00,9.72,7,12.33,6.03,-5.52,14.92,5.97,-5.31,14.38,6.46,-4.41,13.97,78.47,2.16,-6.21,11,0,2.97,5.99,187.07,160.46,13.863950999999998,0.98,96
150,2026-01-17 00:00:00,12.63,11.22,14.21,15.94,12.72,19.95,15.79,12.75,19.02,15.93,13.15,18.73,83.7,13.01,9.55,15.22,0.02,4.53,8.8,191.53,71.39,6.168231,1.30,96
150,2026-01-18 00:00:00,11.47,9.19,13.74,5.48,-1.87,12.47,5.13,-1.92,11.76,5.32,-1.23,12.2,86.4,2.91,-2.81,10.21,0.92,5.52,10.42,293.45,84.41,7.293114,1.11,96
150,2026-01-19 00:00:00,8.67,6.35,11.29,3.49,-3.41,14.18,3.42,-3.07,13.51,3.86,-2.27,13.42,72.14,-2.19,-4.63,2.66,0,2.65,8.45,276.26,169.17,14.616306,1.02,96
150,2026-01-20 00:00:00,8.65,6.39,11.21,5.64,-2.02,16.92,5.64,-1.69,16.24,6.4,-1.16,15.74,73.45,0.21,-2.84,4.61,0,2.67,8.1,160.46,150.13,12.97125,1.18,96
150,2026-01-21 00:00:00,9.79,7.85,12.21,9.85,2.27,16.72,9.81,2.69,15.9,10.39,4.21,15.88,77.82,5.89,1.52,10.01,0,1.86,3.65,85.12,125.31,10.826424000000001,1.23,96
150,2026-01-22 00:00:00,12.37,10.24,15.27,13.37,8.59,20.42,13.29,8.69,19.65,14.05,9.74,19.4,84.87,10.72,7.01,14.91,0,1.72,5.7,155.27,160.43,13.861466999999998,1.45,96
150,2026-01-23 00:00:00,12.94,11.16,14.71,13.85,7.6,21.26,13.73,7.7,20.48,14.34,8.37,20.61,84.82,11.16,5.87,15.98,0,1.29,3.19,129.32,74.37,6.425253,1.45,96
150,2026-01-24 00:00:00,14.19,13.05,15.78,16.21,13.36,19.73,15.98,13.17,19.6,16.03,13.28,19.31,86.68,13.74,11.63,15.72,0,2.92,4.65,48.46,83.14,7.182890999999999,1.41,96
150,2026-01-25 00:00:00,15.24,14.23,16.48,17.54,14.54,20.5,17.35,14.34,20.3,17.35,14.38,20.12,88,15.34,12.73,18.65,0.04,4.06,7.64,163.36,46.76,4.039767,1.32,96
150,2026-01-26 00:00:00,14.26,11.35,15.84,8.5,1.27,17.37,8.05,0.89,17.1,8.02,1.19,17.35,72.62,3.03,-6.37,13.96,0.03,6.07,11.62,320.09,143.61,12.407814,1.47,96
150,2026-01-27 00:00:00,9.63,7.21,11.83,1.94,-3.29,11.7,1.71,-3.54,10.83,1.94,-3.38,10.59,58.61,-6.68,-10.72,-1.84,0,4.03,8.09,315.57,181.62,15.692201999999998,1.15,96
150,2026-01-28 00:00:00,8.83,6.28,11.77,3.88,-6,15.25,3.82,-5.53,14.6,4.32,-4.37,14.01,63.1,-3.92,-6.48,0.51,0,2.72,6.95,289.2,183.21,15.829425,1.27,96
150,2026-01-29 00:00:00,8.9,6.23,11.83,4.25,-3.62,14.17,4.19,-3.48,13.1,5.13,-2.6,12.96,75.98,-0.33,-4.39,3.57,0,2.13,5.81,223.78,176.9,15.284160000000002,1.25,96
150,2026-01-30 00:00:00,9.2,7.22,11.63,7.39,-2.06,17.21,7.27,-1.74,16.48,7.74,-0.97,16.06,88.12,5.36,-2.71,11.75,0,1.65,4.72,146.6,94.36,8.153064,1.43,96
150,2026-01-31 00:00:00,9.46,7.43,10.57,3.82,-3.43,8.43,3.44,-3.7,8.19,3.48,-3.51,8.45,59.87,-4.03,-12.86,6.43,0,6.98,12.53,326.29,152.22,13.014909,1.19,96
250,2026-01-01 00:00:00,10.56,5.58,16.62,8.32,-1.98,19.95,8.37,-1.72,19.4,8.99,-1.36,18.77,66.02,0.66,-2.38,6.19,0,4.72,11.66,218.78,140.14,12.10806,1.17,96
250,2026-01-02 00:00:00,12.65,8.29,17.91,11.61,2.3,21.96,11.65,2.6,21.33,12.36,3.35,20.76,83.04,8.49,2.1,12.76,0,4.04,11.56,180.05,103.17,8.913537,1.37,96
250,2026-01-03 00:00:00,16.24,12.57,20.88,17.56,11.89,25.29,17.27,12.06,24.13,17.45,13.24,23.74,86.48,14.84,11.11,18.12,0.62,8.21,19.76,215.89,103.22,8.918163,1.57,96
250,2026-01-04 00:00:00,15.75,15.05,16.64,14.4,12.62,15.72,14.12,12.49,15.1,14.31,13.01,15.26,94.97,13.32,11.61,14.72,0,3.06,7.18,94.51,35.86,3.0978810000000006,1.01,96
250,2026-01-05 00:00:00,16.38,14.41,20.28,14.99,10.62,22.89,14.68,10.94,21.74,15.04,12.31,22.12,91.67,13.24,10.41,16.82,0,2.17,5,119.17,99.05,8.558127,1.34,96
250,2026-01-06 00:00:00,16.89,13.45,21.37,16.83,9.77,26.12,16.61,9.77,25.25,17.05,10.31,24.77,87.18,14.18,9.4,17.89,0,3.89,12.42,188.46,112.84,9.749205,1.53,96
250,2026-01-07 00:00:00,18.96,15.87,23.11,19.93,13.92,27.3,19.69,14.36,26.3,20.17,15.96,25.87,86.22,17.08,13.76,19,0,5.19,11.73,228.75,110.22,9.423909,1.64,96
250,2026-01-08 00:00:00,19.23,16.23,23.74,19.01,13.49,27.44,18.77,13.53,26.25,19.22,14.33,26.44,86.65,16.27,12.95,19.27,0.05,1.83,4.69,130.18,105.09,9.079848,1.55,96
250,2026-01-09 00:00:00,20.25,16.36,25.09,20.39,13.46,28.98,20.24,13.65,28.36,20.8,14.26,28.2,83.08,16.94,13.2,20.77,0,2.58,8.82,177.91,124.05,10.71783,1.68,96
250,2026-01-10 00:00:00,20.48,16.97,25.04,19.33,13.34,28.63,19.27,13.18,28,19.85,13.62,27.4,82.22,15.67,12.71,20.63,0,4.07,13.29,198.89,122.36,10.571589,1.70,96
250,2026-01-11 00:00:00,18.55,14.98,21.08,16.49,10.41,20.82,16.19,10.23,20.65,16.51,10.71,19.84,78.86,12.02,1.92,19.35,0,5.38,11.14,213.41,71.2,6.15204,1.39,96
250,2026-01-12 00:00:00,14.84,11.34,18.59,10.6,5.81,16.23,10.25,5.63,15.37,10.25,5.71,15,67.88,4.46,-1.17,8.99,0,6.41,9,25.81,120.62,10.421739,1.16,96
250,2026-01-13 00:00:00,16.27,13.04,20.14,13.54,8.21,20.34,13.21,8.05,19.84,13.39,8.26,19.3,75.77,8.89,5.39,12,0,3.45,6.66,149.81,113.03,9.765468000000002,1.31,96
250,2026-01-14 00:00:00,16.24,14.74,18.26,13.34,9.7,17.48,13.04,9.62,16.71,13.21,10.22,16.46,77.88,8.77,1.77,12.02,0,3.16,10.98,248.87,62.69,5.416370999999999,1.19,96
250,2026-01-15 00:00:00,14.09,9.64,16.78,9.96,0.67,13.36,9.74,0.55,12.97,9.93,3.44,12.09,66.24,2.7,-8.12,11.16,0.07,5.56,12.24,286.11,137.51,11.880441,1.03,96
250,2026-01-16 00:00:00,9.94,5.25,15.55,3.68,-5.22,15.67,3.65,-5.02,14.58,4.21,-4.47,14.97,60.44,-4.86,-7.52,-0.52,0,2.06,5.36,178.12,157.16,13.579029,0.97,96
250,2026-01-17 00:00:00,12.2,6.84,18.14,11.86,-1.46,23.71,11.9,-1.05,22.96,12.43,-0.32,22.53,67.4,5.17,-3.38,9.45,0,3.15,11.43,164.59,131.37,11.350395,1.44,96
250,2026-01-18 00:00:00,12.57,7.82,14.3,9.36,0.89,13.53,9.14,1.14,13.18,9.4,2.15,13.19,90.69,7.69,0.43,12.3,0.38,4.21,16.39,241.98,24.08,2.058876,1.26,96
250,2026-01-19 00:00:00,8.35,4.23,13.22,4.31,-2.97,14.14,4.2,-2.97,13.78,4.68,-2.78,13.25,70.5,-1.9,-5.25,2.15,0,2.61,7.28,259.94,161.45,13.9491,1.04,96
250,2026-01-20 00:00:00,8.27,3.95,13.17,5.91,-2.82,17.07,6,-2.69,16.44,6.45,-2.22,15.97,66.36,-1.14,-3.34,0.8,0,2.81,7.5,127.33,145.85,12.601161,1.20,96
250,2026-01-21 00:00:00,11.11,6.01,17.01,11.88,0.07,21.61,11.72,0.49,20.89,11.96,1.09,20.67,74.14,6.78,-0.75,11.07,0,3.31,7.88,133.92,142.74,12.332772,1.44,96
250,2026-01-22 00:00:00,12.51,11.74,14.77,12.49,9.7,20.35,12.41,9.8,19.93,12.72,10.61,19.12,91.17,10.96,9.08,14.54,0,1.88,4.98,171.56,60.75,2.624562,,48
250,2026-01-23 09:00:00,18.78,11.27,22.44,20.96,14.31,26.9,20.59,14.53,26.08,20.97,13.97,25.77,67.51,13.85,11.56,16.62,0.02,20.58,26.02,67.7,235.81,12.521493000000001,,59
250,2026-01-24 00:00:00,17.13,13.97,20.91,16.48,10.71,23.25,16.3,11.25,22.58,16.73,12.85,22.34,88.83,14.34,10.78,17.23,0,16.3,22.5,88.86,79.82,6.896870999999999,1.84,96
250,2026-01-25 00:00:00,19.55,16.48,23.7,21.05,15.1,29.45,20.74,14.82,29.66,20.84,15,28.46,85.54,17.93,14.24,21.32,0,20.69,28.79,85.58,95.17,8.223093,2.46,96
250,2026-01-26 00:00:00,19.26,12.61,21.65,16.37,5.37,22.96,15.94,5.12,22.69,16.07,5.5,23.12,72.77,10.77,-6.44,21.27,0.04,16.02,22.75,73.1,145.51,12.441294,2.05,96
250,2026-01-27 00:00:00,11.16,7.05,15.79,3.51,-2.31,12.53,3.29,-1.83,11.67,3.43,-1.35,11.99,48.58,-7.31,-9.78,-3.52,0,4.82,11.6,48.43,174.03,15.036308999999997,1.19,96
250,2026-01-28 00:00:00,10.65,6.95,16.31,6.05,-2.13,16.06,6.02,-1.33,15.33,6.45,-0.7,14.72,48.51,-5.13,-7.97,-1.67,0,6.59,15.23,48.56,163.18,14.099121,1.42,96
250,2026-01-29 00:00:00,10.92,5.8,17.09,7.02,-3.23,18.16,7.12,-2.52,17.61,7.8,-1.3,17.03,63.54,-0.73,-3.65,3.14,0,9.92,17.39,63.43,170.3,14.713659,1.59,96
250,2026-01-30 00:00:00,12.42,7.23,17.87,10.13,-1.1,21.86,10.03,-0.89,20.89,10.43,0.33,20.1,68.91,3.54,-1.47,7.3,0,11.06,20.72,68.97,148.16,12.801168000000002,1.89,96
250,2026-01-31 00:00:00,12.82,8.07,16.23,7.39,-2.09,14.37,7.05,-2.15,13.43,7.14,-2.03,12.5,60.11,-0.56,-12.14,6.44,0,8.22,13.34,60.23,124.72,10.775421,1.43,96
405,2026-01-01 00:00:00,18.6,15.97,21.88,10.13,1.33,20.13,10.18,1.88,19.43,11.64,3.45,19.97,72.67,4.72,1.35,8.47,0,5.76,11.67,257.59,179.86,15.539697,1.05,96
405,2026-01-02 00:00:00,19,16.17,22.46,12.86,3.71,23.27,12.9,4.12,22.35,14.49,6.37,23.29,76.15,7.99,3.9,12,0,3.78,8.56,211.6,165.98,14.340906,1.18,96
405,2026-01-03 00:00:00,19.89,17.25,23.11,16.59,7.92,26.11,16.47,8.19,25.29,17.33,10.13,25.39,81.33,12.7,8,15.77,0,7.06,14.44,207.42,171.92,14.853833999999997,1.47,96
405,2026-01-04 00:00:00,20.67,19.34,22.76,18.88,13.97,24.82,18.74,14.55,23.99,19.18,15.84,24.85,90.29,17,14.15,19.68,0.09,5.34,11.63,162.63,128.5,11.101977,1.52,96
405,2026-01-05 00:00:00,20.47,18.61,23.38,17.66,12.37,26.75,17.63,12.46,25.82,18.12,12.83,27.3,90.74,15.87,12.46,19.98,0.01,4.59,7.13,96.99,138.31,11.950146,1.57,96
405,2026-01-06 00:00:00,21.32,18.79,24.62,19.28,12.2,29.43,19.2,12.16,27.76,20.46,13.21,29.32,82.39,15.53,12.16,20.37,0,3.35,7.39,150.22,159.94,13.818627,1.62,96
405,2026-01-07 00:00:00,21.89,19.08,25.58,19.48,11.58,29.05,19.43,11.9,28.26,20.86,14.22,28.91,82.25,15.81,11.88,19.27,0,3.72,8.47,214.64,178.09,15.227118000000003,1.63,96
405,2026-01-08 00:00:00,22.1,19.77,24.83,20.09,12.84,28.88,20.06,13.13,28.02,21.17,14.86,28.53,84.77,17.09,12.84,21.21,0,4.08,9.88,100.59,142.7,12.329225999999998,1.69,96
405,2026-01-09 00:00:00,22.22,20.19,24.32,21.26,14.22,28.78,21.32,14.65,27.67,22.22,17.49,28.01,84.44,18.25,14.65,22,0,6.32,12.42,90.94,127.89,11.049408000000001,1.76,96
405,2026-01-10 00:00:00,22.9,20.76,25.59,21.99,15.56,29.34,21.84,15.96,28.63,22.58,16.95,28.57,82.16,18.18,15.96,21.91,0,5.59,14.13,135.12,163.29,14.108156999999999,1.90,96
405,2026-01-11 00:00:00,23.71,21.53,26.74,22.49,16.38,29.93,22.28,17.04,28.8,22.92,18.14,29.2,82.15,18.69,16.8,21.01,0,5.28,16.9,207.76,154.98,13.389875999999997,1.94,96
405,2026-01-12 00:00:00,22.98,21.1,25.1,19.1,12.22,24.9,18.82,12.2,23.81,18.93,12.45,23.61,76.04,14.44,8.25,17.74,0,9.71,16.87,71.68,132.44,11.442465,1.62,96
405,2026-01-13 00:00:00,22.68,21.08,24.24,19.36,14.17,24.45,19.14,14.13,23.88,19.28,14.25,23.67,86.53,16.73,13.63,18.77,0,6.9,12.19,68.58,119.18,10.189466999999999,1.58,96
405,2026-01-14 00:00:00,22.26,21.02,23.54,18.4,12.66,23.99,18.24,13.14,23.41,18.76,15.03,23.47,85.23,15.56,12.28,18.24,0.02,7.6,37.87,257.56,95.09,8.215406999999999,1.55,96
405,2026-01-15 00:00:00,19.82,16.89,20.95,13.82,4.47,18.13,13.67,4.81,17.71,14.05,5.7,17.86,83.97,10.85,2.26,17.08,0.18,10.7,24.12,248.28,69.98,5.857128,1.43,93
405,2026-01-16 00:00:00,17.22,14.1,20.66,9.3,0.63,18.7,9.29,1.28,18.03,10.4,2.45,18.42,71.17,3.5,-3.74,10.61,0,4.5,7.88,159.39,190.19,16.432001999999997,1.08,96
405,2026-01-17 00:00:00,19.5,17.23,22.79,16.88,9.47,25.85,16.75,9.47,25.13,17.14,9.96,25.39,81.7,13.22,9.05,16.39,0,5.83,9.2,136.27,145.01,12.528522,1.64,96
405,2026-01-18 00:00:00,20.72,19.43,22.89,17.76,9.11,27.95,17.51,8.88,27.51,17.85,9.19,27.17,84.14,14.56,6.62,21.72,0,9.7,28.75,251.78,119.23,10.301346,1.94,96
405,2026-01-19 00:00:00,18.71,16.45,21.55,9.24,3.49,17.24,9.09,3.52,16.56,9.55,3.67,16.67,69.64,2.87,-0.99,6.27,0,9.49,15.13,94.43,201.64,17.421282,1.22,96
405,2026-01-20 00:00:00,18.36,15.61,21.57,12.92,4.76,22.09,12.72,4.84,21.37,12.89,5.43,20.95,70.63,7.25,0.63,12.5,0,13.18,18.5,32.73,194.98,16.84584,1.41,96
405,2026-01-21 00:00:00,19.5,16.99,22.36,16.71,8.87,24.41,16.46,9.01,23.42,16.65,9.58,23.06,76.78,11.9,8.08,14.93,0,9.28,17.95,55.24,176.36,15.078798000000003,1.77,96
405,2026-01-22 00:00:00,21.67,19.64,24.59,20.88,16.36,27.64,20.61,16.24,26.89,20.74,16.5,26.8,83.74,17.47,14.12,20.51,0,6.46,10.14,49.3,147.13,12.712455,2.02,96
405,2026-01-23 00:00:00,22.39,19.95,25.5,21.06,14.75,29.2,20.85,15.06,28.65,21.29,15.48,29.34,84.83,17.7,15.04,21.35,0,5.25,9.27,135.92,169.38,14.634171,2.15,96
405,2026-01-24 00:00:00,22.88,20.52,25.88,21.76,15.47,28.99,21.57,15.69,28.19,21.87,16.33,27.76,85.41,18.7,15.69,21.96,0.01,6.91,14.19,102.11,176.27,15.229638,2.25,96
405,2026-01-25 00:00:00,23.25,20.97,25.85,23.02,15.66,31.87,22.92,16.47,30.59,23.52,17.89,30.76,82.33,19.26,16.34,22.16,0,7.39,17.06,159.27,179.62,15.519060000000001,2.47,96
405,2026-01-26 00:00:00,22.85,20.01,24.58,21.06,9.81,29.07,20.83,9.63,28.64,21.14,9.71,28.22,87.79,18.59,8.07,24.04,0.13,11.63,21.34,255.64,115.74,10.000197,2.27,96
405,2026-01-27 00:00:00,18.64,16.01,21.42,9.49,3.94,16.75,9.3,4,15.77,9.67,4.27,15.96,57.12,0.61,-3.64,8.2,0,11.57,20.76,219.89,211.26,18.252729,1.56,96
405,2026-01-28 00:00:00,17.66,15.29,20.47,9.17,2.97,17.77,9.12,3.12,17.01,9.91,3.52,17.13,57.72,-0.14,-6.09,3.27,0,8.47,16.38,263.93,158.28,13.675428,1.57,96
405,2026-01-29 00:00:00,17.85,14.69,21.61,11.12,1.35,21.2,11.01,1.68,20.67,11.58,2.38,20.91,63.3,2.99,-3.19,10.87,0,7.67,13.94,115.49,214.64,18.545094,1.73,96
405,2026-01-30 00:00:00,18.87,17.15,21.45,14.64,7.89,23.66,14.65,8.31,22.64,15.69,9.05,23.28,81.87,11.18,7.95,13.6,0,4.16,7.61,212.69,106.13,9.169947,1.75,96
405,2026-01-31 00:00:00,17.83,16.06,18.5,11.85,4.41,15.82,11.72,3.98,15.51,12.2,4.28,15.43,82.5,8.76,-3.36,13.04,0.03,11.36,26.97,280.74,52.31,4.519989,1.53,96
311,2026-01-01 00:00:00,16.83,15.59,17.99,8.93,-0.05,19.22,8.96,0.34,18.41,9.55,1.26,17.65,71.81,2.93,-0.3,7.87,0,3.45,10.33,254.42,169.29,14.626845,0.99,96
311,2026-01-02 00:00:00,17.13,15.88,18.39,13,3.89,21.7,13.19,4.24,21.34,13.88,5.35,20.67,80.86,9.6,3.61,13.4,0,3.09,8.16,214.51,124.01,10.714464,1.27,96
311,2026-01-03 00:00:00,18.25,17.36,19.32,17.57,13.36,23.91,17.57,13.68,23.52,17.4,13.72,22.73,89.13,15.63,12.68,17.88,0.24,5.75,12.47,195.98,100.18,8.655200999999998,1.48,96
311,2026-01-04 00:00:00,18.8,18.09,19.48,15.77,12.68,20.25,15.72,12.82,19.68,15.61,12.87,19.06,91.25,14.25,12.27,17.02,0.01,4.1,8.28,89.89,84.31,7.284123,1.27,96
311,2026-01-05 00:00:00,18.95,18.25,20.06,16.48,12.98,25.51,16.2,12.86,23.86,16.21,12.72,23.42,89.61,14.32,12.24,17.69,0,3.14,6.5,130.01,108.25,9.352395,1.46,96
311,2026-01-06 00:00:00,19.14,17.78,20.55,18.12,10.51,27.48,18.11,10.94,26.78,18.33,11.41,26.03,82.44,14.67,10.44,18.04,0,3.27,7.61,204.04,162.88,14.07312,1.54,96
311,2026-01-07 00:00:00,20,19.08,21.23,19.44,14.5,26.8,19.33,15.07,26.27,19.44,15.33,25.46,87.35,16.98,14.31,21.21,0,2.89,6,231.07,116.18,10.037681999999998,1.60,96
311,2026-01-08 00:00:00,20.54,19.54,21.85,20.03,14.92,28.74,19.96,14.94,27.92,19.91,14.8,26.98,81.5,16.23,14.44,21.1,0,2.59,6.18,110.52,146.2,12.631518000000002,1.71,96
311,2026-01-09 00:00:00,20.96,19.83,22.17,21.6,15.48,29.74,21.74,15.8,28.92,21.66,16.11,28.04,80.37,17.86,15.21,20.92,0,3.46,7.82,113.65,141.45,12.221289,1.81,96
311,2026-01-10 00:00:00,21.12,20.05,22.18,20.22,14.29,29.45,20.39,14.48,28.58,20.48,14.59,27.92,80.81,16.53,13.88,21.07,0,2.97,9.17,196.78,131.47,11.358765,1.73,96
311,2026-01-11 00:00:00,20.72,19.87,21.44,17.1,11.48,25.56,17.21,11.84,25.01,17.38,11.91,24.36,85.87,14.68,4.03,20.56,0.14,4.16,10.18,233.42,104.17,9.000513,1.56,96
311,2026-01-12 00:00:00,18.95,17.91,20.2,12.61,6.31,19.9,12.43,6.37,19.2,12.21,6.43,18.58,70.04,7.01,1.16,12.24,0,7.28,10.08,96.63,162.49,14.038758000000001,1.28,96
311,2026-01-13 00:00:00,19.14,18.18,20.35,15.94,11.07,25.43,15.63,11.05,23.86,15.42,10.96,23.48,81.03,12.21,9.43,19.46,0.05,4.65,8.96,125.97,125.52,10.844928,1.52,96
311,2026-01-14 00:00:00,19.08,18.57,19.65,14.65,11.43,18.59,14.68,11.77,18.39,14.66,12.09,17.75,82.79,11.62,9.75,13.33,0.01,3.92,10.28,234.84,79.67,6.883344,1.25,96
311,2026-01-15 00:00:00,18.13,16.72,18.94,11.14,2.08,14.33,11.14,2.73,14.33,11.12,4.03,14.25,74.17,6.4,-2.81,13.06,0.3,7.65,18.07,279.51,113.28,9.787383000000002,1.17,96
311,2026-01-16 00:00:00,15.76,14.39,16.88,6.14,-3.4,18,6.05,-3.03,15.8,6.67,-1.64,15.97,56.54,-3.36,-7.58,1.32,0,2.69,6.52,221.29,185.72,16.045838999999997,0.95,96
311,2026-01-17 00:00:00,15.76,14.17,17.53,12.14,0.77,25.85,12.17,1.14,24.36,12.59,2.35,23.89,70.2,6.04,-0.34,10.89,0,2.74,8.38,181.75,173.35,14.977431,1.34,96
311,2026-01-18 00:00:00,16.66,16.02,17.04,11.12,4.43,21.69,11.07,4.45,21.89,11.17,4.65,21.26,85.98,8.79,2.69,17.34,0.03,5.21,22.27,245.08,54.31,4.692159000000001,1.64,96
311,2026-01-19 00:00:00,15.16,14.01,16.14,7.08,0.11,15.97,6.88,0.37,14.59,7.01,1.11,14.33,61.3,-1.23,-4.87,2.4,0,5.29,10.37,278.48,187.69,16.216551,1.10,96
311,2026-01-20 00:00:00,14.67,13.35,15.95,9.36,-0.07,18.65,9.32,0.2,18.07,9.36,1.36,17.32,56.63,0.07,-3.84,4.23,0,5.97,11.24,100.39,186.38,16.103223000000003,1.28,96
311,2026-01-21 00:00:00,15.54,14.11,17.17,14.24,6.34,23.15,14.19,6.54,22.88,14.06,6.72,21.76,67.7,7.99,3.3,11.5,0,6.1,10.98,43.33,172.85,14.934312,1.61,96
311,2026-01-22 00:00:00,17.32,16.03,18.94,18.23,11.91,27.4,18.1,12.02,25.75,17.95,12,25.11,75.85,13.46,10.5,16.7,0,3.79,7.16,65.46,152,13.132638,1.81,96
311,2026-01-23 00:00:00,18.63,17.19,20.29,20,13.25,30.94,19.73,13.46,28.77,19.7,14.03,28.15,75.7,14.75,12.3,18.39,0,2.86,6.39,179.86,176.54,15.252768000000001,2.04,96
311,2026-01-24 00:00:00,19.34,18.15,20.56,19.46,12.71,28.15,19.54,13.06,26.62,19.5,13.76,26.36,79.64,15.62,11.89,18.94,0,4.21,8.61,101.91,141.28,12.20697,1.92,96
311,2026-01-25 00:00:00,20.18,19.15,21.46,22.13,16.15,29.63,22.2,16.41,29.28,21.82,16.3,28.38,82.36,18.82,15.16,21.23,0,6.61,12.87,154.39,147.43,12.737655,2.23,96
311,2026-01-26 00:00:00,20.68,18.95,21.2,16.13,6.26,22.84,16.02,6.28,23.03,15.86,6.46,22.71,82.04,12.86,-4.79,21,0.22,8.58,14.13,276.22,107.75,9.309753,1.85,96
311,2026-01-27 00:00:00,17.2,15.98,18.87,5.41,-0.74,13.98,5.03,-0.83,12.09,5.21,-0.57,12.02,50.12,-5.25,-8.13,-0.7,0,4.68,8.38,228.15,199.79,17.262126,1.22,96
311,2026-01-28 00:00:00,15.8,14.54,17.13,6.59,0.15,16.99,6.36,-0.01,15.97,6.54,1.61,15.33,52.27,-3.91,-7.13,1.31,0,5.35,10.49,302.2,199.21,17.211645,1.42,96
311,2026-01-29 00:00:00,15.33,13.74,16.91,8.51,-2.06,21.09,8.46,-1.66,18.88,9.17,0.09,18.76,61.45,-0.21,-3.78,2.24,0,3.22,7,156.61,200.04,17.2836,1.49,96
311,2026-01-30 00:00:00,15.93,14.25,17.68,12.6,1.55,22.5,12.54,1.74,22.03,12.8,3.04,21.15,67.46,5.79,0.76,9.45,0,3.75,8.18,246.91,187.32,16.184592,1.72,96
311,2026-01-31 00:00:00,16.53,15.22,17.28,9.05,-0.76,14.32,8.87,-0.99,14.39,8.86,-0.72,14.32,68.3,3.27,-10.08,10.79,0,9.48,19.32,290.91,47,4.060881,1.53,96
120,2026-01-01 00:00:00,10.51,8.05,13.49,9.43,0.4,19.52,10.06,1.56,19.04,10.49,3.47,18.62,67.14,3.5,0.01,6.45,0,4.54,7.84,251.59,146.84,12.686994,1.13,96
120,2026-01-02 00:00:00,12.12,9.71,14.33,13.09,3.87,20.95,13.37,4.77,20.56,14.14,6.76,20.15,80.87,9.85,3.52,15.64,0,4.95,10.91,220.48,88.63,7.657316999999999,1.39,96
120,2026-01-03 00:00:00,16.04,14.17,18.04,18.49,12.56,24.01,18.47,12.88,23.55,18.62,13.66,23.29,90.18,16.8,11.68,19.66,0.53,6.53,13.09,220.94,73.98,6.391881,1.49,96
120,2026-01-04 00:00:00,14.53,13.21,16.61,12.23,6.59,19.4,12.37,6.87,18.71,12.78,9.11,18.32,89.13,10.52,6.14,13.03,0,5.14,9.07,101.07,113.77,9.829827,1.25,96
120,2026-01-05 00:00:00,14.05,12.39,16.53,11.57,7.14,18.22,11.64,7.51,17.52,11.99,8.64,16.94,92.09,10.35,6.84,13.8,0,3.96,7.6,98.63,103.72,8.961273,1.19,96
120,2026-01-06 00:00:00,15.59,13.17,18.22,17.26,10.15,25.45,17.18,10.5,24.54,17.15,10.48,24.25,88.14,15,9.86,18.07,0,5.08,9.58,190.5,115.78,10.003149000000002,1.52,96
120,2026-01-07 00:00:00,17.43,16.2,19.2,19.33,16.54,23.89,19.26,16.9,23.24,19.34,17.56,23.07,90.59,17.63,15.99,18.81,0,4.97,7.44,225.41,74.08,6.400359000000001,1.39,96
120,2026-01-08 00:00:00,18.48,17.36,20.19,19.99,15.19,25.22,19.88,15.65,24.57,19.97,16.69,23.95,88.46,17.82,14.8,20.01,0,5.29,11.26,159.26,93.66,8.092637999999999,1.53,96
120,2026-01-09 00:00:00,18.86,17.24,20.62,20.75,15.1,27.04,20.58,15.34,26.08,20.52,15.91,25.59,89.79,18.76,14.54,21.3,0,8.94,15.39,162.31,101.66,8.783523,1.70,96
120,2026-01-10 00:00:00,19.99,18.64,21.32,21.27,15.57,26.76,21.09,15.5,26.18,21.19,15.74,25.67,87.68,18.86,14.14,21.1,0.52,9.42,19.39,237.28,99.43,8.590734,1.72,96
120,2026-01-11 00:00:00,15.3,12.01,18.55,10.65,3.66,15.46,10.64,4.28,15.39,10.74,4.87,15.63,61.52,2.88,-5.44,14.02,0.01,9.99,17.12,289.36,132.1,11.41362,1.20,96
120,2026-01-12 00:00:00,10.98,9.39,12.96,3,-9.43,11.78,3.82,-1.19,11.17,4.47,-0.8,10.71,63.92,-2.99,-4.97,-0.18,0,4.93,8.83,113.96,134.45,11.616264,0.95,96
120,2026-01-13 00:00:00,10.12,7.51,13.09,2.22,-10.59,15.88,5.9,-3.52,16.44,6.67,-2.61,16.62,66.07,-1.43,-4.52,2.8,0,2.65,6.36,218.71,162.66,13.907718000000003,1.01,96
120,2026-01-14 00:00:00,11.73,10.1,13.66,10.17,5.59,15.67,10.15,5.94,15.12,10.14,5.99,14.99,78.12,6.4,1.96,9.31,0.07,5.76,11.37,270.15,107.07,9.058518000000001,1.16,96
120,2026-01-15 00:00:00,10,7.83,12.22,4.06,-4.18,9.12,4.33,-3.32,9.3,4.46,-1.88,9.34,59.17,-3.68,-8.57,7.42,0.01,7.91,13.36,308.31,166.66,14.399531999999999,0.87,96
120,2026-01-16 00:00:00,8.83,5.87,11.53,5.51,-8.13,16.34,6.24,-5.02,16.05,6.5,-3.89,14.93,76.16,1.98,-6.32,9.05,0,6.82,15.71,149.64,149.78,12.940686,1.18,96
120,2026-01-17 00:00:00,11.39,10.05,12.92,10.74,6.63,14.52,10.79,6.67,14.25,10.85,6.53,14.1,90.57,9.29,5.41,12.26,0.28,5.52,9.75,160.35,51.03,4.362849,1.18,96
120,2026-01-18 00:00:00,9.4,7.17,10.94,2.88,-4.38,8.69,3.02,-3.1,8.34,3.21,-2.11,7.74,73.62,-2.07,-8.53,5.93,0.25,6.99,21.83,316.12,162.76,14.062878,0.90,96
120,2026-01-19 00:00:00,7.56,5.22,10.35,3.14,-5,12.97,3.59,-4.13,12.86,4.52,-2.85,12.09,65.3,-3.35,-5.2,-0.76,0,4.72,11.37,283.24,169.4,14.483952,1.04,96
120,2026-01-20 00:00:00,8.09,5.66,11.1,5,-3.19,15.47,5.38,-2.44,14.89,6.55,-1.43,14.47,69.88,-0.51,-3.87,2.39,0,4.29,9.37,96.2,161.78,13.978143000000001,1.15,96
120,2026-01-21 00:00:00,9.06,6.74,11.26,9.05,0.93,16.75,9.36,2.11,16.23,10.13,3.7,16.04,68.13,3.4,-0.97,8.13,0,5.05,11.36,101.36,114.88,9.925848,1.32,96
120,2026-01-22 00:00:00,12.43,9.89,15.22,13.62,7.89,22.34,15.16,8.53,22.47,15.24,9.27,22.35,80.24,11.7,6.15,16.84,0,5.49,10.77,125.95,118.22,10.214469,1.64,96
120,2026-01-23 00:00:00,14.55,13.13,17.07,14.68,11.57,21.25,14.71,11.75,20.84,14.63,11.89,20.32,86.22,12.38,10.38,15.67,0.01,5.28,9.71,107.1,109.72,9.480123,1.56,96
120,2026-01-24 00:00:00,14.77,13.2,16.75,15.09,10.63,20.2,15.16,11.02,20.12,14.98,11.08,19.57,84.65,12.52,9.85,15.09,0,7.13,10.8,83.96,119.94,10.362699000000001,1.59,96
120,2026-01-25 00:00:00,15.78,14.02,17.62,15.4,2.03,22.5,15.72,5.56,23.06,15.7,5.5,22.93,91.72,14.36,4.67,20.89,1.29,9.89,26.12,202.41,36.8,3.179205,1.91,96
120,2026-01-26 00:00:00,10.1,6.89,13.87,-4.01,-13.36,3.21,1.2,-2.47,6.09,0.99,-2.55,5.3,71.7,-3.79,-7.28,4.4,0,11.59,19.39,328.37,166.62,14.246199000000002,1.06,96
120,2026-01-27 00:00:00,6.73,4.24,9.55,-3.38,-12.57,6.6,-0.12,-6.6,7.69,0.11,-6.47,7.43,61.82,-7.37,-10.23,-3.35,0,5.44,9.35,311.69,181.05,15.642648000000001,1.05,96
120,2026-01-28 00:00:00,7.29,4.78,10.38,-4.42,-19.05,9.62,3.1,-3.14,11.67,3.79,-2.21,11.42,65.96,-3.39,-5.82,-0.9,0,4.14,8.81,299.81,179.22,15.484329000000002,1.21,96
120,2026-01-29 00:00:00,7.67,4.83,10.93,0.14,-18.98,15.49,4.35,-4.38,14.81,5.29,-3.51,14.37,68.7,-2.05,-5.39,1.51,0,2.77,7.28,181.36,151.88,13.122702,1.34,96
120,2026-01-30 00:00:00,8.95,6.54,11.92,6.45,-10.96,16.88,8.02,-0.63,16.04,8.49,1.03,15.51,70.52,2.48,-1.91,5.85,0,4.38,12.84,206.22,122.1,10.54917,1.47,96
120,2026-01-31 00:00:00,6.96,4.29,9.31,-0.22,-13.61,6.25,-0.77,-5.1,6.26,-0.96,-5.13,6.49,58.7,-8.1,-13.35,0.84,0,12.74,18.93,324.19,158.67,13.709214,1.15,96
360,2026-01-01 00:00:00,16.02,13.42,19.22,9.29,1.48,19.41,9.08,1.44,18.33,9.48,1.53,17.94,74.76,3.68,0.02,7.05,0,2.51,8.23,235.88,131.69,11.378106,1.10,96
360,2026-01-02 00:00:00,16.83,14.2,19.83,13.39,6.04,22.52,13.16,6.04,21.47,13.44,6.92,20.84,84.05,10.12,5.75,13.37,0,1.83,5.39,182.28,115.82,10.006614,1.27,96
360,2026-01-03 00:00:00,18.09,16.15,20.34,17.51,12.27,24.76,17.3,12.18,24.21,17.17,12.57,23.02,90.03,15.4,12.09,18.07,0.3,3.45,7.07,195.41,85.66,7.4008259999999995,1.47,96
360,2026-01-04 00:00:00,19.24,17.57,22.01,17.07,13.11,23.13,16.79,12.96,22.35,16.6,13.03,22.12,92.09,15.38,12.73,17.31,0.01,2.01,5.55,84.6,98.47,8.507816999999998,1.36,96
360,2026-01-05 00:00:00,18.97,17.34,21.92,16.49,12.7,25.18,16.17,12.59,24.61,16.16,12.54,24.57,91.8,14.61,12.46,17.21,0,1.72,4.08,117.07,91.01,7.86294,1.45,96
360,2026-01-06 00:00:00,19.26,15.93,22.9,17.8,11.54,26.8,17.65,11.46,26.11,17.8,11.63,25.02,86.01,14.85,11.46,17.88,0.07,1.74,5.46,183.55,126.69,10.94589,1.51,96
360,2026-01-07 00:00:00,20.09,18.28,22.65,18.73,14.01,25.75,18.49,13.93,25.1,18.35,14.6,24.89,91.72,16.95,13.81,20.54,0,1.66,5.18,206.12,86.57,7.479729,1.48,96
360,2026-01-08 00:00:00,20.84,18.37,24.11,19.75,14.4,28.47,19.55,14.13,28.02,19.47,14.05,27.79,84.73,16.44,14.13,19.9,0,1.16,2.56,118.44,117.4,10.143423,1.62,96
360,2026-01-09 00:00:00,21.4,19.1,24.07,21.46,16.04,29.73,21.45,16.24,29.09,21.48,16.65,28.51,83.61,18.2,16.24,21,0,1.27,3.52,120.72,97.81,8.450433000000002,1.67,96
360,2026-01-10 00:00:00,21.76,19.13,25.07,20.55,15.33,29.36,20.52,15.52,28.71,20.55,16.19,27.72,80.7,16.51,14.6,20.35,0,1.73,5.26,148.51,128.1,11.067615,1.72,96
360,2026-01-11 00:00:00,20.73,19.19,22.32,17.46,12.42,26.83,17.28,12.23,26.06,17.18,12.03,24.86,90.05,15.5,5.62,19.98,0,2.94,9.82,192.64,67.65,5.845329000000001,1.58,96
360,2026-01-12 00:00:00,18.76,16.05,21.76,13.47,7.26,21.35,13.1,7.03,20.67,13.05,7.02,20.43,69.89,7.57,2.61,12,0.01,4.17,7.35,26.3,129.43,11.182356,1.33,96
360,2026-01-13 00:00:00,19.5,17.46,22.24,16.54,11.45,25.18,16.13,11.19,24.38,15.93,11.19,23.88,80.54,12.54,10.34,16.34,0,2.81,5.86,149.62,96.73,8.357535,1.51,96
360,2026-01-14 00:00:00,19.54,18.19,21.13,15.82,12.91,20.02,15.51,12.72,19.38,15.44,13.04,18.82,80.67,11.94,9.7,13.39,0,2.81,8.08,246.79,85.27,7.366968,1.28,96
360,2026-01-15 00:00:00,17.5,14.39,19.1,11.64,3,15.14,11.35,2.93,14.8,11.34,3.57,14.68,78.73,7.39,0.05,14.53,0.32,6.15,15.09,282.02,73.87,6.382773,1.24,96
360,2026-01-16 00:00:00,12.04,0,17.7,6.25,-8.3,16.82,5.76,-1.1,15.88,7.46,-0.39,16.47,47.48,-3.32,-22.45,1.52,0.03,1.64,4.18,119.81,180.97,12.866895,0.96,82
360,2026-01-17 00:00:00,15.03,11.18,19.92,12.97,1.95,25.44,12.89,1.92,24.67,13.29,2.47,24.52,72.17,7.09,0.38,10.98,0,1.57,4.87,160.01,145.69,12.456522,1.40,95
360,2026-01-18 00:00:00,16.3,14.87,17.55,12.22,5.82,24.25,11.91,5.7,23.8,11.88,5.85,22.7,84.46,9.31,3.34,17.66,0,5.28,23.5,250.47,62.56,5.405022,1.71,96
360,2026-01-19 00:00:00,14.35,11.23,17.95,7.09,0.39,15.82,6.84,0.62,14.76,7.11,1.1,14.81,62.94,-1.06,-5.35,3.48,0,4.58,10.5,250.62,149.44,12.911859,1.16,96
360,2026-01-20 00:00:00,14.12,10.6,18.42,9.26,0.01,20.07,9.08,0.09,19.15,9.33,0.99,19.07,61.47,0.75,-2.07,3.91,0,3.08,6.9,70.4,148.86,12.861099000000001,1.31,96
360,2026-01-21 00:00:00,16.07,12.6,20.47,14.76,6.61,23.95,14.57,6.58,23.16,14.56,6.71,23.04,65.91,7.9,3.37,11.21,0,2.86,5.72,61.21,144.33,12.470256,1.55,96
360,2026-01-22 00:00:00,18.75,15.71,22.59,18.39,11.5,27.12,18.22,11.85,26.31,18.3,12.26,26.03,76.13,13.47,10.44,16.24,0,1.91,3.98,75.99,139.35,12.040137,1.77,96
360,2026-01-23 00:00:00,20.32,17.08,24.39,19.41,12.69,29.22,19.32,12.67,28.37,19.39,13.22,27.67,79.26,14.98,12.61,18.5,0,2,7.19,156.8,148.7,12.847248,1.92,96
360,2026-01-24 00:00:00,21.06,18.1,24.67,20.11,12.99,29.39,19.99,12.98,28.41,19.87,13.48,27.86,80.43,16.04,12.78,19.2,0,1.61,3.1,108.65,134.49,11.619999000000002,1.91,96
360,2026-01-25 00:00:00,21.95,19.56,24.61,22.5,16.9,29.69,22.44,17.04,29.38,21.93,17.2,27.83,83.93,19.28,16.69,21.41,0,3.75,9.09,158.93,119.01,10.282113,2.04,96
360,2026-01-26 00:00:00,21.96,19.38,23.28,17.17,7.14,22.96,16.81,6.91,22.85,16.38,6.83,22.2,82.72,13.76,-3.95,21.54,0,7.37,12.22,273.41,101.33,8.755272,1.79,96
360,2026-01-27 00:00:00,17.54,14.59,20.43,4.18,-0.46,14.42,4.18,0.09,13.7,4.47,0.12,13.54,51.46,-5.7,-9.76,-2.28,0,3.67,7.7,223.32,53.45,3.6556560000000005,,76
360,2026-01-28 00:00:00,14.62,11.79,17.58,6.31,-0.52,16.53,6.4,0.1,16.04,6.13,0.55,15.48,52.88,-4.21,-8.73,0.35,0.01,4.24,8.75,247.09,181.27,15.661925999999998,1.41,96
360,2026-01-29 00:00:00,13.64,10.1,18.05,7.98,-0.96,20.77,8.13,-0.61,19.71,8.34,-0.41,20.12,62.95,-0.85,-5.32,2.52,0,1.48,4.96,145.48,182.13,15.735608999999998,1.49,96
360,2026-01-30 00:00:00,15.11,11.29,19.76,12.38,2.8,22.81,12.39,3.13,22.03,12.23,3.08,21.47,65.29,4.89,1.81,8.51,0,1.73,4.67,217.7,183.06,15.816807,1.67,96
360,2026-01-31 00:00:00,15.53,12.94,16.97,9.93,1.65,13.91,9.92,1.5,14.2,9.54,1.38,13.89,68.56,4.24,-6.99,10.47,0,8.04,16.2,305.53,47.73,4.123449,1.45,96
420,2026-01-01 00:00:00,19.1,17.84,20.37,11.74,4.32,20.25,12.32,5.9,19.3,12.95,6.61,19.75,72.75,7.09,4.18,9.43,0,2.96,9.02,272.77,181.76,15.704199000000003,1.06,96
420,2026-01-02 00:00:00,19.15,17.7,20.68,13.83,6.61,23.29,14.38,8.07,21.83,15.19,8.45,23,74.78,9.3,7.52,11.86,0,2.07,24.1,265.89,184.04,15.900993,1.18,96
420,2026-01-03 00:00:00,19.65,18.03,21.32,17.12,8.23,26.5,17.59,9.89,25.87,18.08,10.44,25.71,72.62,11.77,9.17,15.08,0,2.86,20.22,245.97,182.21,15.74253,1.40,96
420,2026-01-04 00:00:00,20.92,19.86,22.36,20.25,14.81,27.56,20.37,15.8,26.39,20.56,16.41,27.08,79.86,16.62,13.69,18.94,0,5.13,62.48,220.21,142.08,12.147453,1.70,96
420,2026-01-05 00:00:00,21.41,20.23,22.63,20.46,15.03,27.26,20.77,15.83,26.09,21.27,16.31,26.34,82.98,17.54,15.34,19.63,0,3.82,31.71,148.12,146.62,12.667706999999998,1.68,96
420,2026-01-06 00:00:00,21.68,20.61,22.84,20.44,15.47,26.8,20.84,16.58,26.22,21.35,17.03,26.16,84.23,17.9,15.92,20.44,0,3.17,33.54,180.15,113.8,9.832481999999999,1.62,96
420,2026-01-07 00:00:00,21.76,20.59,22.91,20.65,15.55,27.41,21.04,16.69,26.27,21.63,17.23,26.35,85.05,18.28,16.09,20.64,0,2.39,11.69,155.08,117.02,10.110843000000003,1.62,96
420,2026-01-08 00:00:00,22.09,20.84,23.39,21.99,15.89,28.41,22.24,17.08,27.38,22.57,17.56,27.32,84.34,19.32,16.57,21.36,0,3.69,9.61,136.8,151.05,13.050387,1.82,96
420,2026-01-09 00:00:00,22.8,21.87,23.85,23.63,19.97,27.69,23.86,21.16,27.03,24.11,21.94,26.54,77.41,19.56,18.73,20.74,0,4.68,11.77,119.71,155.79,13.459833000000001,2.07,96
420,2026-01-10 00:00:00,23.11,22.25,24.16,23.79,20.94,27.97,23.96,21.91,27.04,24.14,22.47,26.94,76.97,19.62,18.85,20.51,0,4.23,7.66,125.1,125.84,10.872162,1.89,96
420,2026-01-11 00:00:00,23.34,22.13,24.6,23.17,17.18,30.51,23.4,18.63,29.46,23.84,19.17,29.25,80.31,19.57,17.74,21.3,0.25,4.05,58.84,181.17,162.04,14.000436,2.06,96
420,2026-01-12 00:00:00,23.01,22.58,23.56,21.67,18.43,24.61,21.7,18.5,24.14,21.64,18.35,23.97,84.25,18.85,17.53,20.1,0.33,5.43,43.09,85.94,74.58,6.443865,1.43,96
420,2026-01-13 00:00:00,22.46,21.8,22.91,21.12,19.63,23.1,21.06,19.59,22.84,21.01,19.5,22.76,90.97,19.5,18.9,20.52,1.3,4.3,49.5,113.14,55.69,4.811895,1.23,96
420,2026-01-14 00:00:00,22.89,22.15,23.81,21.62,17.94,26.65,21.62,18.31,26.11,21.62,18.53,25.51,85.12,18.88,15.49,21.42,0.01,5.34,41.68,267.28,102.8,8.881803,1.66,96
420,2026-01-15 00:00:00,21.67,20,22.68,16.61,9.58,21.52,16.7,9.87,21.31,16.75,9.89,20.94,78.13,12.77,2.84,18.43,0.01,5.97,11.83,275.82,69.87,5.973812999999999,1.46,96
420,2026-01-16 00:00:00,19.26,17.8,20.42,13.4,5.36,20.65,13.38,5.86,19.66,13.48,5.87,19.86,62.76,6.34,-2.28,13.15,0,4.53,31.57,199.24,194.18,16.776792,1.22,96
420,2026-01-17 00:00:00,20.71,19.61,22.17,19.93,13.87,26.18,19.99,14.35,25.38,20.21,14.47,25.49,80.3,16.38,12.71,19.99,0,2.87,20.15,162.36,127.17,10.98729,1.65,96
420,2026-01-18 00:00:00,21.8,20.99,23.01,20.64,13.89,28.58,20.73,13.8,28.31,20.85,13.83,27.4,83.34,17.66,9.73,23.49,0,5.52,40.27,247.09,104.78,9.053136,1.84,96
420,2026-01-19 00:00:00,20.34,19.31,21.36,13.67,7.48,20.51,13.48,7.54,19.62,13.48,7.55,20.04,72.53,8.46,4.96,11.11,0,5.92,7.73,167.09,190.58,16.465986,1.41,96
420,2026-01-20 00:00:00,20.15,19.28,21.03,17.73,12.1,23.07,17.71,12.22,22.23,17.68,12.18,22.08,65.62,10.99,8.29,13.69,0,8.21,14.5,114.52,167.22,14.447583000000002,1.72,96
420,2026-01-21 00:00:00,20.6,20.22,21.08,20.66,19.39,21.75,20.77,19.81,21.87,20.77,19.88,21.88,70.75,15.16,11.16,18.93,0,9.87,19.76,74.64,42.78,3.696255,1.16,96
420,2026-01-22 00:00:00,21.85,21.09,22.82,22.48,19.87,25.96,22.46,19.87,25.39,22.43,19.69,25.42,88.15,20.34,18.96,22.31,0.32,4.57,32.45,82.47,84.84,7.330212000000001,1.61,96
420,2026-01-23 00:00:00,22.6,21.38,23.96,22.8,18.13,28.43,22.91,18.8,27.6,23.22,19.1,27.37,84.48,20.02,18.13,21.35,0,3.84,25.59,131.17,172,14.860710000000003,2.27,96
420,2026-01-24 00:00:00,22.75,21.74,23.64,22.97,18.34,27.48,23.22,19.05,27.08,23.59,19.5,26.67,84.55,20.39,18.23,22.55,0,5.23,24.25,85.52,128.75,11.123964,2.03,96
420,2026-01-25 00:00:00,23.43,22.54,24.52,24.94,22.32,28.68,24.95,22.73,28.03,25.01,22.87,27.95,82.12,21.62,20.69,22.55,0,6.22,42.1,167.8,161.71,13.971483000000001,2.51,96
420,2026-01-26 00:00:00,23.76,22.84,24.79,23.9,13.78,30.97,23.89,13.72,30.46,23.9,13.73,29.92,82.71,20.56,10.76,24.15,0,5.93,27.22,261.74,155.69,13.451300999999997,2.26,96
420,2026-01-27 00:00:00,21.56,20.59,23.44,13.77,8.87,18.85,13.63,9.06,18.01,13.67,8.99,18.34,66.39,7.32,3.71,10.81,0,6.81,10.19,193.27,200.53,17.325801,1.68,96
420,2026-01-28 00:00:00,20.13,19.44,20.74,13.56,8.95,18.59,13.56,9.24,18.29,13.58,9.11,18.06,66.04,6.95,2.47,10.95,0,4.31,11.44,309.33,87.24,7.537509000000001,1.47,96
420,2026-01-29 00:00:00,19.7,18.5,20.89,15.27,8.46,22.33,15.45,8.74,21.63,15.67,8.72,21.44,57.64,6.88,-0.29,12.53,0,4.77,29.29,151.97,191.99,16.587729000000003,1.84,96
420,2026-01-30 00:00:00,20.39,19.68,21.17,16.93,12.39,21.24,17.15,13.12,20.73,17.33,13.55,20.89,81.28,13.82,11.21,15.73,0,3.57,52.96,242.64,72.91,6.29982,1.51,96
420,2026-01-31 00:00:00,19.71,19.05,20.37,13.69,6.59,18.46,13.9,6.64,18,14.07,6.64,17.81,81.33,10.69,0.42,13.9,0,6.27,23.63,291.93,65.9,5.693382,1.54,96
430,2026-01-01 00:00:00,18.47,17.67,19.15,8.31,-0.78,20.53,8.65,0.25,19.1,9.68,2.33,19.01,65.01,1.47,-1.95,5.72,0,3.18,9.83,271.08,180.67,15.609474000000002,0.96,96
430,2026-01-02 00:00:00,18.28,17.38,19.15,11.45,1.8,22.82,11.8,2.56,21.58,13.56,5.74,21.54,75.77,7.21,1.12,11.95,0,2.65,6.35,232.44,152.79,13.201218000000003,1.16,96
430,2026-01-03 00:00:00,18.89,18.04,19.85,17.28,6.66,25.31,17.5,8.2,24.72,18.28,11.41,24.61,74.46,12.49,6.62,16.07,0.01,4.62,9.62,212.77,171.63,14.828661,1.38,96
430,2026-01-04 00:00:00,20.27,19.75,21.06,18.73,14.21,25.42,18.44,14.78,24.14,18.54,15.81,23.09,83.9,15.5,13.47,17.94,0.01,5.26,12.06,187.07,155.01,13.393116,1.59,96
430,2026-01-05 00:00:00,20.64,20.17,21.38,17.97,12.19,24.87,17.92,13.49,23.85,18.36,15.15,22.82,89,16,12.35,20.47,0.07,4.1,19.13,211.49,131.66,11.37564,1.49,96
430,2026-01-06 00:00:00,20.68,19.88,21.45,18.64,11.33,28.75,18.79,12.14,27.37,19.69,13.69,27.5,83.08,15.51,11.27,20.23,0,2.68,8.36,194.94,159.42,13.773573,1.58,96
430,2026-01-07 00:00:00,20.89,20.12,21.66,19.48,12.21,30.41,19.65,13.15,28.93,20.72,14.8,28.46,79.64,15.6,12.25,18.15,0.01,2.88,7.76,202.52,167.13,14.440031999999999,1.70,96
430,2026-01-08 00:00:00,21,20.29,21.61,19.09,12.11,26.81,19.45,13.08,25.99,20.59,15.53,25.68,85.27,16.76,12.17,21.4,0,2.91,7.85,163.12,110.07,9.509778,1.56,96
430,2026-01-09 00:00:00,21.32,20.77,21.98,20.81,15.51,27.47,21.1,16.67,26.4,22.06,18.51,25.92,82.99,17.88,15.4,22.29,0.01,4.33,11.84,127.89,162.3,14.023152,1.81,96
430,2026-01-10 00:00:00,21.45,20.83,22.04,21.13,14.48,27.96,21.51,15.37,27.34,22.37,17,26.61,81.46,18.03,14.21,21.19,0,4.21,11.08,160.08,133.16,11.504853,1.73,96
430,2026-01-11 00:00:00,21.61,20.92,22.29,21.26,13.88,29.68,21.15,14.91,28.6,21.69,17.3,28.44,78.59,16.96,13.05,19.68,0,5.33,14.67,191.42,145.37,12.560075999999999,1.84,96
430,2026-01-12 00:00:00,21.74,21.45,22.12,20.53,15.22,23.6,20.37,15.12,22.84,20.46,15.13,22.09,68.24,14.31,10.37,15.82,0,7.54,13.01,55.35,60.93,5.264082,1.42,96
430,2026-01-13 00:00:00,21.51,21.08,21.79,18.99,13.36,24.48,18.86,13.61,23.64,19.19,14.11,23.11,79.87,15.16,12.22,17.3,0,3.91,9.12,201.75,84.92,7.336701,1.48,96
430,2026-01-14 00:00:00,21.59,21.34,21.96,18.5,11.61,24.05,18.56,12.72,23.52,19.31,15,23.31,78.35,14.49,9.59,17.99,0,3.14,9.49,243.6,106.75,9.222975,1.48,96
430,2026-01-15 00:00:00,20.44,17.85,21.39,13.83,4.6,17.89,13.77,4.68,17.38,14.09,5.05,17.33,74.95,9.22,0.07,14.92,0.37,4.87,13.01,263.62,68.6,5.926878,1.33,96
430,2026-01-16 00:00:00,18.52,17.53,19.53,9.58,-0.06,20.41,9.48,0.57,19.13,9.93,2.52,18.22,71.21,4.28,-2.88,10.01,0,4.2,7.47,248.92,187.24,16.177463999999997,1.12,96
430,2026-01-17 00:00:00,19.09,18.43,20.04,17.2,11.3,24.58,17.23,11.65,23.29,17.7,11.93,22.95,80.69,13.7,10.17,16.42,0,4.49,8.86,163.89,128.35,11.089700999999998,1.56,96
430,2026-01-18 00:00:00,19.9,19.35,20.62,17.49,8.63,27.85,17.37,8.71,27.4,17.8,9.13,27.17,81.24,13.96,5.4,21.12,0,6.75,22.82,256.7,113.92,9.842931,1.84,96
430,2026-01-19 00:00:00,18.95,18.23,19.93,9.84,3.74,17.32,9.6,3.83,16.36,9.65,4.15,15.08,71.31,4.41,0.18,7.43,0,8.72,14.7,301.75,197.85,17.093835,1.26,96
430,2026-01-20 00:00:00,18.31,17.46,19.02,14.81,5.65,22.31,14.66,5.96,21.22,14.69,6.61,19.96,62,7.4,0.01,12.24,0,9.33,15.64,165.33,164.75,14.234319,1.59,96
430,2026-01-21 00:00:00,19.17,18.58,19.94,20.41,17.52,24.32,20.24,17.76,23.16,20.34,18.37,22.31,63.04,12.89,10.12,17.28,0,8.22,13.25,59.17,159.12,13.747635,1.93,96
430,2026-01-22 00:00:00,20.6,19.87,21.57,21.89,18.94,27.07,21.55,18.93,26.34,21.52,19.36,24.99,85.06,18.84,17.03,21.26,0.01,6.07,10.77,93.11,149.8,12.942954,2.09,96
430,2026-01-23 00:00:00,21.46,20.78,22.29,21.42,16.76,27.69,21.12,16.77,26.56,21.21,17.17,25.46,84.11,18.16,15.6,21.11,0,4.55,9.61,124.24,177.24,15.313347,2.15,96
430,2026-01-24 00:00:00,21.53,20.78,22.16,20.75,13.75,27.41,20.79,14.38,26.75,21.26,16.04,25.4,83.14,17.66,13.46,21.81,0,4.4,11.75,173.47,158.95,13.733253,2.01,96
430,2026-01-25 00:00:00,21.87,21.19,22.51,23.81,16.64,30.48,24.04,18.52,29.63,24.47,20.02,29.33,76.57,19.36,17.09,21.65,0,5.47,12.02,161.78,159.99,13.823424000000001,2.36,96
430,2026-01-26 00:00:00,22.37,22.1,22.92,21.92,12.91,28.54,21.67,12.66,27.68,21.82,12.98,27.67,80.04,17.92,6.71,22.18,0.44,7.41,17.18,255.89,120.25,10.389537,2.06,96
430,2026-01-27 00:00:00,20.41,19.56,22.09,9.55,3.86,16.21,9.18,3.94,14.99,9.11,4.14,13.7,63.05,2.36,-2.11,6.02,0,9.81,16.02,300.17,212.03,18.319733999999997,1.49,96
430,2026-01-28 00:00:00,18.79,17.96,19.52,9.94,2.4,19.65,9.88,3.2,18.18,10.31,4.67,17.16,59.59,1.89,-2.63,6.47,0,6.66,10.89,239.77,207.03,17.887158,1.58,96
430,2026-01-29 00:00:00,18.06,16.97,18.98,11.37,0.54,21.49,11.26,1.43,20.16,11.54,2.79,19.02,69.58,5.6,-1.44,10.14,0,6.05,10.98,242.47,212.42,18.35289,1.66,96
430,2026-01-30 00:00:00,18.54,18.02,19.24,15.33,9.14,22.49,15.38,10.15,21.58,15.89,10.78,21.57,79.09,11.56,8.65,14.1,0,3.18,6.58,246.1,87.09,7.524719999999999,1.63,96
430,2026-01-31 00:00:00,18.47,17.91,18.82,12.03,2.32,15.91,11.9,2.24,15.41,12.09,2.5,15.25,72.86,7.12,-5.27,12.32,0.01,6.14,15.42,276.66,49.37,4.265514,1.46,96
270,2026-01-01 00:00:00,14.13,13.24,14.92,8.9,-0.63,19.67,9.56,0.59,18.89,10.04,0.32,18.74,65.88,2.34,0.04,5.21,0,5.86,13.96,242.7,170.75,14.753214,1.07,96
270,2026-01-02 00:00:00,14.37,13.53,15.19,11.58,3.2,21.27,12.27,4.29,20.76,12.55,4.49,20.48,82.87,9.16,3.81,12.65,0,3.86,9.55,207.99,102.44,8.85051,1.33,96
270,2026-01-03 00:00:00,15.45,14.7,16.48,17.42,9.69,26.37,17.78,11.16,25.45,17.57,12.52,24.53,86.07,15.22,10.21,18.34,0.68,9.53,19.48,209.89,131.69,11.377989,1.66,96
270,2026-01-04 00:00:00,15.81,15.53,16.15,14.11,12.28,16.78,14.1,12.31,16.04,14.08,12.25,16.22,93.67,13.07,11.83,14.82,0,6.11,11.3,164.86,54.2,4.683303,1.10,96
270,2026-01-05 00:00:00,15.87,15.19,16.93,15.18,11.87,23.88,15.37,12.04,22.91,15.21,11.84,23.35,94.89,14.48,11.78,18.69,0.01,3.35,7.76,255.89,105.54,9.1188,1.42,96
270,2026-01-06 00:00:00,16.22,15.06,17.5,16.82,9.94,26.08,17.15,10.79,25.28,17.29,10.56,25.14,90,15.29,10.62,19.8,0,2.58,8.52,202.46,114.85,9.923391,1.49,96
270,2026-01-07 00:00:00,16.99,16.11,18.12,19.27,13.1,26.48,19.67,14.04,25.59,19.79,14.63,25.31,88.39,17.54,13.63,20.3,0,4.63,10.51,224.87,119.63,10.228311,1.60,96
270,2026-01-08 00:00:00,17.2,16.16,18.19,17.9,12.4,25.59,18.17,13.36,24.82,18.28,13.38,24.98,91.41,16.63,13.14,19.59,0.02,2.87,8.34,139.53,88.75,7.667829,1.50,96
270,2026-01-09 00:00:00,17.63,16.51,18.84,20.08,13.84,29.21,20.54,14.93,27.88,20.68,15.19,28.22,88.51,18.38,14.76,21.4,0,4.51,10.08,128.88,105.67,9.130005,1.70,96
270,2026-01-10 00:00:00,17.94,16.83,19.04,19.5,13.25,28.74,20.07,14.12,27.55,20.26,13.86,27.01,88.11,17.81,13.92,21.92,0,4.12,14.7,170.66,112.04,9.579096,1.68,96
270,2026-01-11 00:00:00,17.21,16.18,18.18,15.19,8.34,19.6,16.01,10.09,19.06,16.03,10.18,18.77,80.86,12.36,3.06,18.8,0.01,6.36,14.52,273.85,56.38,4.820292,1.33,96
270,2026-01-12 00:00:00,15.03,14.32,16.11,10.37,6.17,14.31,10.79,6.91,13.96,10.4,6.59,13.39,77.58,7,2.49,10.18,0,9.02,16.34,186.72,78.27,6.762645,1.15,96
270,2026-01-13 00:00:00,15.3,14.3,16.48,13.24,7.66,20.96,13.39,8.49,20.04,13.07,8.16,19.27,85.38,10.88,7.31,14.44,0,4.65,9.07,169.89,138.87,11.998719,1.32,96
270,2026-01-14 00:00:00,15.73,15.38,16.21,13.61,9.57,18.67,13.95,10.51,17.88,13.56,10.37,17.14,83.63,10.96,3.29,13.88,0.01,5.09,16.52,247.59,87.24,7.537887000000001,1.26,96
270,2026-01-15 00:00:00,14.78,13.42,15.36,9.98,3.2,14.1,10.38,4.59,14.07,10.02,4.48,12.66,69.57,4.26,-6.85,11.64,0.11,9.66,20.58,268.41,137.52,11.881818000000003,1.14,96
270,2026-01-16 00:00:00,12.73,11.35,14.02,4.9,-3.49,15.49,5.19,-2.1,14.21,5.16,-2.56,14.58,67.93,-1.55,-6.58,4.09,0,3,8.71,202.46,188.54,16.289622,0.91,96
270,2026-01-17 00:00:00,13.07,11.49,14.76,11.91,0.33,23.2,12.29,1.32,22.36,12.39,0.76,22.34,78.06,7.98,0.79,13.5,0,4.64,15.33,148.37,173.14,14.959467,1.34,96
270,2026-01-18 00:00:00,14.09,12.95,14.49,10.19,2.81,14.45,10.79,3.69,14.97,10.55,3.27,15.38,91.93,9.53,2.42,13.8,0.12,6.87,21.76,263.21,25.56,2.2080689999999996,1.34,96
270,2026-01-19 00:00:00,12.13,10.95,13.16,5.66,-0.7,14.32,6.1,0.53,13.42,5.99,0.12,13.42,70.46,0.32,-3.49,3.3,0,4.55,11.23,279.89,190.08,16.422678,1.04,96
270,2026-01-20 00:00:00,11.62,10.37,12.82,6,-2.29,16.8,6.48,-1.06,15.6,6.3,-1.44,14.78,75.25,1.58,-1.6,5.54,0,4.28,10.07,173.97,173.98,15.031575,1.16,96
270,2026-01-21 00:00:00,12.2,10.72,13.91,11.11,1.09,20.28,11.47,2.23,19.2,11.32,2.1,18.75,83.41,8.53,1.71,12.67,0,4.98,10.04,185.66,174.29,15.05853,1.37,96
270,2026-01-22 00:00:00,14.15,12.99,15.7,15.76,10.02,24.68,16.18,10.97,23.57,16.23,11.04,23.22,86.57,13.7,10.62,16.53,0,4.46,11.21,149.76,153.09,13.226634,1.71,96
270,2026-01-23 00:00:00,14.97,13.47,16.66,16.21,8.74,27.39,16.58,9.76,26.3,16.66,9.6,25.96,86.66,14.02,9.53,17.83,0,3.01,10.07,193.11,163.48,13.977639,1.80,96
270,2026-01-24 00:00:00,15.66,14.93,16.58,16.66,11.86,22.72,16.93,13.13,21.83,16.53,13.36,21.45,93,15.74,12.79,18.71,0,6.83,11.31,88.04,101.33,8.755308000000001,1.63,96
270,2026-01-25 00:00:00,16.55,15.63,17.7,20.37,13.83,28.67,20.72,14.23,28.62,20.41,13.79,28.11,86.1,18.05,14.11,21.72,0,8.95,21.38,133.37,114.21,9.86787,2.11,96
270,2026-01-26 00:00:00,17.29,15.79,17.93,16.64,5.24,21.9,16.87,6.01,22.51,16.56,5.78,22.56,76.49,12.49,-4.84,21.16,0.02,11.87,17.38,272.4,145.83,12.59946,1.91,96
270,2026-01-27 00:00:00,13.97,12.78,15.7,3.58,-1.73,12.13,3.76,-0.89,10.72,3.43,-1.3,11.38,58,-4.47,-8.51,1.24,0,5.87,13.42,282.48,203.74,17.603199,1.19,96
270,2026-01-28 00:00:00,12.79,11.69,13.99,5.68,-1.83,16.18,6.06,-0.71,15.39,6.04,-1.1,15.48,65.03,-1.25,-5.25,2.39,0,3.96,8.79,269.48,194.94,16.842383999999996,1.36,96
270,2026-01-29 00:00:00,12.55,11.17,13.94,7.34,-1.92,17.38,7.65,-0.56,15.98,7.74,-1.05,15.49,72.99,2.43,-1.17,6.09,0,4.24,11.24,172.44,199.79,17.261595,1.42,96
270,2026-01-30 00:00:00,13.08,11.64,14.45,11.19,0.85,21.71,11.54,1.88,20.84,11.36,1.48,20.12,72.87,5.82,1.46,10.42,0,3.55,10.36,256.61,178.53,15.424614,1.66,96
270,2026-01-31 00:00:00,13.44,12.3,14.03,7.85,-2.19,15,8.13,-1.55,14.08,7.73,-2.01,13.15,66,1.96,-9.91,9.01,0,11.23,24.69,282.87,114.41,9.885006,1.55,96
440,2026-01-01 00:00:00,18.49,17.57,19.25,10.59,1.2,20.77,10.71,2,19.92,12.1,4.85,19.61,78.67,6.58,1.3,9.78,0,3.9,10.83,239.88,188.05,16.247862,1.00,96
440,2026-01-02 00:00:00,18.37,17.37,19.35,12.32,3.61,23.06,12.48,4.2,22.22,14.01,6.94,22.11,75.37,7.26,3.72,12.59,0,2.51,6.01,235.44,188.44,16.281099,1.08,96
440,2026-01-03 00:00:00,18.57,17.44,19.71,14.83,4.1,26.85,14.91,4.86,25.95,16.33,7.8,25.76,75.8,9.71,4.32,15.42,0,2.95,8.83,215.16,187.18,16.172262,1.23,96
440,2026-01-04 00:00:00,19.47,18.66,20.57,19.65,10.49,28.37,19.58,11.27,27.17,20.45,14.3,27.1,83.14,16.31,10.39,18.69,0,4.9,11.82,226.62,134.11,11.586933000000002,1.62,96
440,2026-01-05 00:00:00,20.42,19.63,21.3,19.91,14.22,27.46,19.76,14.55,26.43,20.56,16.51,25.6,84.55,16.73,13.89,20.63,0,4.58,10.14,105.46,174.64,15.089310000000001,1.70,96
440,2026-01-06 00:00:00,20.65,19.9,21.41,19.51,13.21,28.5,19.54,13.79,27.44,20.55,16.34,26.05,86.48,16.99,13.29,20.25,0,4.08,10.41,132.37,137.16,11.850354,1.67,96
440,2026-01-07 00:00:00,20.83,20.07,21.6,19.87,13.24,28.12,19.9,13.64,27.02,20.94,16.45,26.41,87.63,17.58,13.14,20.83,0,3.28,8.37,144.05,111.37,9.522333000000001,1.62,96
440,2026-01-08 00:00:00,21.01,20.35,21.58,20.42,14.06,27.66,20.54,14.58,27.22,21.7,16.87,26.17,90.45,18.82,14.11,22.79,0.07,5.01,13.36,77.52,106.16,9.17262,1.68,96
440,2026-01-09 00:00:00,21.1,20.4,21.75,21.03,15.36,28.17,21.06,15.84,27.25,22.39,18.86,26.09,84.13,17.94,15.46,22.17,0,5.78,13.59,81.41,163.22,14.10228,1.84,96
440,2026-01-10 00:00:00,21.12,20.44,21.71,21.53,14.77,27.32,21.52,15.15,26.89,22.55,17.04,25.67,85.79,18.89,14.68,21.82,0,5.05,13.46,143.24,106.06,9.163854,1.67,96
440,2026-01-11 00:00:00,21.75,20.95,22.61,21.92,15.35,29.97,21.9,16,28.89,22.73,18.04,28.55,85.63,19.08,15.56,22.42,0,3.15,9.27,144.89,144.32,12.469464,1.82,96
440,2026-01-12 00:00:00,21.92,21.48,22.28,20.91,17.94,25.48,20.68,17.68,24.69,21,18.1,24.17,91.09,19.11,17.23,20.92,0.18,5.81,11.31,105.94,85.02,7.345827,1.52,96
440,2026-01-13 00:00:00,22.1,21.73,22.46,21.06,19.56,23.63,20.79,19.29,22.84,21.04,19.79,22.42,94.26,19.82,18.77,21.27,0.04,5.27,10.67,84.85,95.78,8.275481999999998,1.47,96
440,2026-01-14 00:00:00,21.96,21.38,22.43,20.63,16.28,26.42,20.45,16.44,26.12,20.88,17.61,25.23,89.35,18.51,16.17,22.49,0.01,4.99,14.57,258.3,98.94,8.54865,1.64,96
440,2026-01-15 00:00:00,21.32,20.56,22.16,16.63,8.56,23.37,16.64,8.58,23.66,17.24,9.27,22.3,84.08,13.82,3.68,20.48,0,7.94,17.42,268.23,99.38,8.586459,1.63,96
440,2026-01-16 00:00:00,19.18,18.14,20.51,11.91,2.94,21.17,11.86,3.5,20.19,12.26,4.59,19.57,75.68,7.36,0.96,12.98,0,4.76,10.22,208.47,199.38,17.22618,1.18,96
440,2026-01-17 00:00:00,19.67,19.02,20.63,19.1,14.16,26.22,18.89,14.05,25.57,19.42,14.51,25.04,84.64,16.14,12.49,20.11,0,4.43,8.71,166.39,103.77,8.965503,1.64,96
440,2026-01-18 00:00:00,20.66,20.06,21.41,20.19,13.77,28.08,20.09,13.62,27.78,20.94,14.03,26.9,86.32,17.61,10.4,24.54,0.32,7.31,17.69,232.24,84.64,7.312887000000001,1.83,96
440,2026-01-19 00:00:00,19.53,18.83,20.79,13.14,6.97,19.53,12.84,6.89,18.91,12.95,7.26,18.37,74.01,8.05,5.7,10.48,0,8.4,11.84,263.85,169.89,14.678928,1.43,96
440,2026-01-20 00:00:00,18.91,18.19,19.53,17.3,11.04,24.13,17.05,10.97,23.11,17.17,11.37,22.55,68.24,10.93,7.33,13.68,0,9.26,14.69,119.46,182.32,15.752448000000003,1.77,96
440,2026-01-21 00:00:00,19.26,18.85,19.76,18.83,12.44,21.9,18.69,12.65,21.52,19.06,14,21.42,82.63,15.59,11.07,19.02,0,7.53,14.79,110.22,67.98,5.873193,1.50,96
440,2026-01-22 00:00:00,20.4,19.76,21.24,21.18,18.6,25.04,21,18.7,24.87,21.29,19.08,24.13,94.65,20.09,18.35,22.7,0.04,4.61,8.55,115.92,82.91,7.163523,1.59,96
440,2026-01-23 00:00:00,21.15,20.45,22.03,22.52,17.24,28.47,22.36,17.87,27.78,22.7,19.25,26.77,89.42,20.42,17.48,22.56,0.01,4.37,11.07,90.04,100.35,8.670654,1.85,96
440,2026-01-24 00:00:00,21.88,21.18,22.65,22.94,17.82,28.37,22.81,18.23,27.61,23.21,19.97,26.63,89.19,20.83,17.88,23.15,0.11,6.18,13.05,77.94,128.21,11.077254,2.05,96
440,2026-01-25 00:00:00,22.35,21.78,23.04,24.33,20.46,29.31,24.22,20.81,29.18,24.56,21.94,27.51,87.62,21.95,20.15,23.16,0,7.93,15.02,135.12,114.3,9.875736,2.12,96
440,2026-01-26 00:00:00,22.75,22.17,23.38,23.56,14.32,30.76,23.42,14.11,30.77,23.76,14.6,29.08,85.13,20.58,11.17,24.74,0,8.66,17.87,246.03,107.19,9.261125999999997,2.25,96
440,2026-01-27 00:00:00,21.13,20.32,22.94,13.37,8.44,19.08,13.12,8.47,18.57,13.18,8.71,17.97,67,6.86,3.9,10.39,0,10.4,14.08,296.28,204.19,17.641881,1.75,96
440,2026-01-28 00:00:00,19.3,18.89,20.29,12.91,9.33,17.4,12.75,9.26,16.98,12.94,9.43,16.84,69.69,7.2,5.3,9.97,0,7.33,12.29,294.12,69.53,6.007203,1.41,96
440,2026-01-29 00:00:00,18.63,17.79,19.41,15.19,7.45,22.74,15.03,7.43,21.76,15.25,7.78,21.41,63.32,7.77,2.19,13.35,0,6.5,10.35,161.81,176.55,15.254208,1.84,96
440,2026-01-30 00:00:00,19.31,18.93,19.75,16,12.47,19.95,15.94,12.76,19.66,16.51,13.67,19.46,89.08,14.11,11.91,16.81,0,3.37,8.23,210.37,68.29,5.900436,1.45,96
440,2026-01-31 00:00:00,18.6,18.18,19.43,13.07,7.64,18.5,13.2,8.27,18.5,13.73,8.73,17.98,87.72,11.12,4.29,17.12,0.01,7.15,14.72,277.92,66.39,5.735718,1.54,96
450,2026-01-01 00:00:00,17.03,15.05,19.27,11.06,1.76,21.15,11.09,2.5,19.95,12.05,4.11,19.87,76.23,6.42,1.97,9.39,0,3.17,8.99,234.63,171.53,14.819913,1.04,96
450,2026-01-02 00:00:00,17.37,15.24,19.74,13.34,4.52,23.74,13.25,4.61,22.34,14.12,5.91,21.9,78.42,8.84,4.21,12.52,0,3.17,8.27,212.92,168.25,14.536629,1.17,96
450,2026-01-03 00:00:00,18.02,16.1,20.13,16.86,8.49,26.5,16.63,9.02,25.42,17.01,9.93,24.26,81.82,13.05,8.66,16.14,0,5.88,14.14,206.82,167.97,14.512788,1.47,96
450,2026-01-04 00:00:00,19.29,18.1,21.1,20.07,14.03,27.59,19.62,14.55,25.97,19.69,15.37,25.55,86.96,17.21,13.77,19.41,0.12,4.55,7.08,206.18,136.72,11.812706999999998,1.63,96
450,2026-01-05 00:00:00,19,17.32,21.16,18.29,12.77,27.59,17.99,12.8,26.47,18.35,12.82,26.22,87.16,15.51,12.41,20.18,0.01,2.62,4.61,80.67,142.5,12.311712,1.56,96
450,2026-01-06 00:00:00,19.22,17.06,21.82,19.26,11.49,29.47,18.99,11.72,28.06,19.58,12.12,27.9,80.52,14.89,11.45,20.01,0,2.6,7.88,188.48,170.83,14.759361,1.59,96
450,2026-01-07 00:00:00,19.55,17.35,22.21,19.39,11.83,29.75,19.11,12.14,28.27,19.7,12.72,28.55,80.98,15.23,11.83,19.55,0,2.36,6.44,184.86,173.7,15.007419,1.61,96
450,2026-01-08 00:00:00,19.77,17.7,22.08,20.48,12.63,29.93,20.24,12.93,28.85,20.59,14.06,27.92,81.47,16.5,12.48,20.1,0,3.77,9.01,108.22,158.19,13.667589,1.72,96
450,2026-01-09 00:00:00,20.01,18.39,21.79,21.27,15.3,30.18,21.11,15.44,29.23,21.34,16.18,28.12,81.29,17.25,15.08,21.14,0,4.91,10.31,104.59,140.02,12.097485,1.85,96
450,2026-01-10 00:00:00,20.16,18.25,22.38,21.53,14.19,30.1,21.36,14.52,29.06,21.67,15.44,28.71,81.02,17.48,14.22,20.75,0.01,3.91,12.69,141.61,153.67,13.276827,1.80,96
450,2026-01-11 00:00:00,21.21,19.9,22.91,23.06,18.63,29.69,22.58,18.68,28.61,22.6,19.3,27.84,81.65,18.98,17.46,20.7,0,3.54,11.07,191.75,138.98,12.007700999999997,1.91,96
450,2026-01-12 00:00:00,20.62,19.16,21.89,19.63,12.4,26.17,19.09,12.15,25.08,18.95,12.23,24.28,72.47,13.94,7.88,17.93,0.01,5.39,9.03,48.96,125.33,10.828413,1.60,96
450,2026-01-13 00:00:00,20.55,19.31,21.75,19.95,14.78,25.8,19.45,14.57,24.36,19.31,14.63,23.78,83.04,16.39,13.32,18.58,0,4.82,10.13,87.45,105.36,9.102888,1.56,96
450,2026-01-14 00:00:00,20.32,19.52,21.46,18.39,12.93,24.86,18.06,13.28,23.91,18.3,14.78,22.58,85.11,15.36,12.54,17.99,0,4.9,14.72,280.1,93.33,8.063675999999997,1.52,96
450,2026-01-15 00:00:00,18.46,16.46,19.45,14.32,5.76,19.09,14.06,6.25,18.16,14.32,6.76,18.19,83.17,11.13,2.34,16.55,0.3,6.65,12.76,276.2,72.59,6.272055,1.37,96
450,2026-01-16 00:00:00,15.89,13.68,18.19,8.96,0.28,19.23,8.84,0.94,18.34,9.69,2.03,18.45,67.13,1.42,-5.46,8.69,0,2.63,6.25,114.86,193.02,16.67664,1.04,96
450,2026-01-17 00:00:00,17.5,15.73,19.97,17.27,8.12,27.07,16.95,8.31,26.06,17.19,10.12,25.29,77.19,12.46,6.99,15.87,0,3.84,9.27,118.26,144.49,12.483954,1.61,96
450,2026-01-18 00:00:00,18.64,17.68,20.22,17.45,9.24,28.05,16.98,8.85,26.59,17.12,9.2,25.9,81.68,13.62,6.1,20.96,0,6.09,18.67,252.55,109.04,9.420687,1.78,96
450,2026-01-19 00:00:00,16.79,15.04,18.84,9.21,3.01,17.75,8.85,2.83,16.81,9.16,3.07,16.45,63.15,0.92,-2.97,5.8,0,4.76,8.36,60.8,194.04,16.764687,1.19,96
450,2026-01-20 00:00:00,16.39,14.32,18.78,13.22,4.57,22.94,12.72,4.21,21.89,12.73,4.62,21.36,66.35,6.28,0.11,11.39,0,6.83,12.25,43.96,186.45,16.109685,1.50,96
450,2026-01-21 00:00:00,17.31,15.51,19.51,16.6,8.36,26.45,16.18,8.25,25.01,16.21,8.8,24.07,74.76,11.21,7.03,13.95,0,6.06,15.67,52.73,169.71,14.662899000000001,1.74,96
450,2026-01-22 00:00:00,19.04,17.2,21.52,20.9,14.44,30.01,20.44,14.57,28.39,20.39,15.28,27.93,80.2,16.56,13.37,19.55,0,3.53,6.43,58.83,146.02,12.616254,1.98,96
450,2026-01-23 00:00:00,19.97,18.36,22.24,21.68,15.4,30.91,21.24,15.44,29.34,21.25,15.69,29.41,81.61,17.46,15.06,21.54,0,2.84,5.34,71.92,147.52,12.745539,2.06,96
450,2026-01-24 00:00:00,20.27,18.72,22.33,22.29,15.72,30.51,21.8,15.96,29.37,21.59,16.14,28.63,84.95,18.71,15.63,20.88,1.83,5.12,15.1,108.82,151.05,13.050738,2.18,96
450,2026-01-25 00:00:00,20.65,18.94,22.65,23.18,17.47,30.49,22.78,17.21,29.31,22.65,17.41,28.56,86.09,20.06,16.94,22.17,0.02,6.62,13.96,165.7,174.94,15.114672,2.39,96
450,2026-01-26 00:00:00,20.61,18.53,21.98,21.22,10.35,29.02,20.75,10,28.5,20.6,10.21,26.98,87.6,18.54,7.35,23.27,0.25,8.98,16.6,267.29,108.8,9.400338,2.16,96
450,2026-01-27 00:00:00,17.26,15.26,19.5,9.91,3.89,17.37,9.42,3.72,16.48,9.58,3.95,15.96,54.58,-0.03,-3.16,7.23,0,5.57,8.84,50.1,202.87,17.528382,1.47,96
450,2026-01-28 00:00:00,15.8,14.06,17.71,9.43,2.77,17.37,9.03,2.65,16.22,9.24,3.03,16.34,60.19,0.56,-4.64,4.71,0,4.68,8.36,153.47,130.47,11.272347,1.45,96
450,2026-01-29 00:00:00,15.63,13.15,18.63,11.74,1.51,22.15,11.36,1.92,20.79,11.66,2.47,20.67,55.22,0.89,-3.72,7.3,0,4.54,8.75,96.28,206.68,17.85708,1.65,96
450,2026-01-30 00:00:00,17.18,15.3,19.92,15.2,9,24.28,14.9,8.87,23.12,15.21,9.24,22.5,77.27,10.57,7.75,13.67,0,3.86,8.69,205.84,150.84,13.032945,1.85,96
450,2026-01-31 00:00:00,16.38,14.64,17.08,12.48,4.97,16.69,12.18,4.54,15.98,12.6,4.93,15.85,82.81,9.29,-2.39,13.24,0.07,6.8,14.81,300.39,48.05,4.151808,1.45,96
110,2026-01-01 00:00:00,10.99,8.68,13.86,10.85,2.74,20.5,10.97,3.24,19.88,11.56,4.79,19.84,67.36,4.29,2.19,7.55,0,4.76,9.01,254.94,158.02,13.652613,1.14,96
110,2026-01-02 00:00:00,12.58,10.43,14.44,14.42,7.25,20.81,14.52,7.25,19.79,15.31,9.23,19.91,84.65,11.74,6.49,17.21,0,5.44,11.73,190.16,79.32,6.853257,1.35,96
110,2026-01-03 00:00:00,16.02,14.39,17.43,18.49,13.94,22.58,18.2,13.84,22.32,18.6,14.25,22.42,93.79,17.17,12.78,20.21,0.44,5.83,9.79,236.37,56.94,4.91976,1.38,96
110,2026-01-04 00:00:00,14.75,13.38,16.48,12.3,7.64,17.08,11.97,7.58,16.59,12.42,8.35,16.57,93.12,10.86,7.03,13.67,0.01,5.33,10.53,139.38,106.37,9.190331999999998,1.17,96
110,2026-01-05 00:00:00,14.55,12.79,17.13,13.71,7.8,21.4,13.35,7.32,20.32,13.83,7.99,20.43,90.14,11.65,6.75,15.51,0,4.71,9.13,139.7,134.31,11.603952,1.28,96
110,2026-01-06 00:00:00,16.41,14.6,18.57,18.6,14.32,24.19,18.24,13.96,24.05,18.67,14.28,23.8,87.71,16.01,13.14,18.89,0,4.91,9.17,180.76,128.2,11.076165,1.54,96
110,2026-01-07 00:00:00,17.54,16.29,19.43,19.69,17.2,25.3,19.38,16.95,24.7,19.82,17.46,24.88,90.2,17.63,16.16,19.33,0,4.41,7.2,226.35,94.69,8.181441,1.52,96
110,2026-01-08 00:00:00,18.56,17.55,20.06,20.51,18.64,24.73,20.1,18.34,24.04,20.42,18.86,23.7,90.95,18.52,17.49,20.21,0,7.08,13.57,154.65,107.99,9.329966999999998,1.58,96
110,2026-01-09 00:00:00,19.31,18.26,20.47,21.53,19.23,24.89,21.2,18.92,23.97,21.47,19.35,23.72,93.79,20.15,18.2,21.7,0,10.12,17.75,156.43,86.75,7.495425,1.51,96
110,2026-01-10 00:00:00,19.95,18.65,20.97,21.23,16.16,25.98,20.93,15.99,25.37,21.28,16.41,25.35,91.83,19.51,14.54,21.6,0.46,8.94,15.23,233.7,74.71,6.454728,1.60,96
110,2026-01-11 00:00:00,15.65,12.94,18.6,10.35,5.3,16.07,10.18,5.4,15.88,10.41,5.64,16.25,63.35,3.03,-4.26,14.53,0,10.05,15.66,317.15,146.26,12.636855,1.17,96
110,2026-01-12 00:00:00,12.19,10.83,13.81,4.92,-0.08,11.69,4.78,-0.01,11.11,5.13,0.03,11.2,63.13,-2.03,-4.47,2.68,0,5.17,11.38,125.66,149.91,12.817089,0.92,96
110,2026-01-13 00:00:00,11.52,9.38,13.85,6.47,-2.27,17.24,6.33,-2.37,16.02,7.01,-1.8,16.93,67.36,-0.75,-5.37,3.93,0,2.4,6.24,240.38,174.75,15.098714999999999,0.95,96
110,2026-01-14 00:00:00,12.66,11.45,14.25,10.77,6.43,16.76,10.5,6.45,16.08,10.64,6.82,15.97,80.39,7.1,3.12,9.91,0,6.41,13.42,278.82,118.3,10.220750999999998,1.20,96
110,2026-01-15 00:00:00,11.06,9.34,12.82,4.37,-3.33,9.47,4.21,-2.88,8.83,4.52,-1.85,8.75,61.58,-3.28,-8.06,6.97,0.01,8.01,14.95,279.08,178.15,15.392466000000002,0.84,96
110,2026-01-16 00:00:00,10.31,7.89,12.65,7.66,-3.99,17.94,7.82,-3.5,17.48,8.42,-2.41,16.79,76.54,3.5,-4.66,10.17,0,5.98,16.48,142.32,155.35,13.421808000000002,1.19,96
110,2026-01-17 00:00:00,11.87,10.83,13.09,10.81,7.1,13.46,10.9,6.91,13.42,11.54,7.24,13.5,81.7,7.77,1.7,11.55,0.13,6.39,9.95,222.37,51.28,4.430195999999999,1.15,96
110,2026-01-18 00:00:00,10.34,8.75,11.74,3.25,-2.49,8.36,3.07,-1.9,8.02,3.4,-1.3,7.72,67.58,-3.27,-8.18,3.97,0.02,6.87,13.18,296.74,179.09,15.473150999999998,0.87,96
110,2026-01-19 00:00:00,9.16,7.26,11.32,4.52,-3.73,13.5,4.52,-3.41,12.93,5.17,-2.24,13.05,61.65,-3.18,-6.87,-0.38,0,4.77,8.86,288.13,178.94,15.460100999999998,1.02,96
110,2026-01-20 00:00:00,9.59,7.66,12.07,6.05,-1.21,15.77,5.93,-1.35,15,7.02,-0.73,14.95,70.86,0.07,-2.02,2.93,0,3.81,9.27,112.61,174.8,15.102648000000002,1.12,96
110,2026-01-21 00:00:00,10.44,8.3,12.28,10.28,1.47,17.55,10.27,1.39,16.32,10.77,3.63,15.96,76.21,6.17,-0.09,11.55,0,7.13,13,104.98,114.59,9.900936,1.38,96
110,2026-01-22 00:00:00,13.26,11.66,15.15,16.04,11.97,22.23,15.7,11.94,21.19,15.94,12.53,21,88.21,13.71,10.57,17.94,0,6.92,12.42,109.74,93.53,8.081316,1.55,96
110,2026-01-23 00:00:00,14.24,13.38,15.43,13.57,11.82,16.75,13.2,11.65,16.69,13.39,11.82,16.54,92.77,12.04,10.37,14.13,0,6.06,10.76,146.75,73.78,6.374987999999999,1.29,96
110,2026-01-24 00:00:00,14.52,13.23,15.96,15.4,10.93,21.79,15.05,10.63,21.13,15.19,10.79,20.82,88.39,13.05,10.01,16.58,0.01,9.02,14.06,95.31,96.81,8.364186,1.64,96
110,2026-01-25 00:00:00,15.74,13.48,17.2,15.15,3.92,22.74,14.79,3.67,22.46,15.16,3.89,22.87,95.66,14.1,3.23,21.39,1.41,12.05,23.4,206.03,27.18,2.3484329999999995,2.02,96
110,2026-01-26 00:00:00,10.73,8.62,13.35,0.36,-3.16,4.71,0.11,-3.3,4.31,0.11,-3.38,4.07,74.43,-4.26,-7.76,2.78,0,12.39,16.9,338.45,180.96,15.634719,0.99,96
110,2026-01-27 00:00:00,8.55,6.61,10.64,0.25,-5.98,8.58,0.06,-6.04,7.88,0.32,-6.05,7.76,64.25,-6.6,-9.02,-2.53,0,5.24,8.59,300.52,195.22,16.866828,1.05,96
110,2026-01-28 00:00:00,8.84,6.85,11.13,2.99,-2.69,12.4,2.95,-2.51,12.2,3.65,-2.04,12.13,69.28,-2.91,-5.01,-0.7,0,4.09,9.48,286.4,192.7,16.649424000000003,1.23,96
110,2026-01-29 00:00:00,9.1,6.74,11.68,4.9,-3.96,15.53,4.78,-3.66,14.52,5.6,-2.63,14.37,73.59,-0.62,-4.12,3.87,0,3.78,10.21,146.68,177.62,15.346305,1.34,96
110,2026-01-30 00:00:00,10.37,8.64,12.46,9.47,3.09,16.41,9.31,3.25,15.7,9.8,4.3,15.42,69.41,3.66,0.64,7.35,0,5.42,13.44,243.42,146.29,12.63906,1.49,96
110,2026-01-31 00:00:00,8.06,5.74,10.26,-0.72,-4.64,4.91,-0.98,-4.62,4.78,-0.99,-4.51,5.01,55.5,-9.12,-13.68,0.25,0,14.71,22.85,325.87,191.56,16.550442,1.13,96
241,2026-01-01 00:00:00,18.37,17.34,19.27,8.09,-2.5,21.95,8.66,-0.58,20.25,9.91,0.65,20.5,69.33,2.56,-2.14,6.96,0,3.02,8.7,214.68,164.14,14.181543000000001,1.05,96
241,2026-01-02 00:00:00,18.62,17.47,19.91,12.35,1.66,25.94,12.73,3.57,23.58,13.84,5.23,24.1,75.44,8.01,1.82,13.74,0,2,4.46,206.59,148.4,12.822111,1.23,96
241,2026-01-03 00:00:00,19.61,18.61,20.89,18.04,8.5,27.6,17.9,10.21,26.13,18.2,11.42,26.07,78.29,13.73,8.71,16.53,0.26,3.58,8.86,183.09,149.51,12.917358000000002,1.49,96
241,2026-01-04 00:00:00,21.05,20.42,21.96,19.33,13,26.95,19.03,13.68,25.24,19.28,14.06,25.82,82.67,15.84,11.85,19.7,0.01,2.71,8.57,91.32,109.8,9.486936,1.51,96
241,2026-01-05 00:00:00,20.56,19.47,21.71,16.92,9.94,29.32,16.81,10.47,26.82,17.43,10.44,28.43,81.64,13.39,9.1,18.79,0,2.12,3.87,92.38,118.99,10.28088,1.53,96
241,2026-01-06 00:00:00,20.59,19.24,22.01,17.52,9.23,30.63,17.68,9.85,28.38,18.83,10.5,29.81,78.52,13.4,8.52,19.67,0.02,1.52,4.03,153.35,151.74,13.110768000000002,1.52,96
241,2026-01-07 00:00:00,20.92,19.44,22.62,18.49,9.94,30.93,18.37,11.21,28.58,19.37,12.41,29.78,76.93,13.69,9.83,18.45,0,1.59,4.37,226.32,158.79,13.719078,1.57,96
241,2026-01-08 00:00:00,21.25,19.65,22.85,19.86,9.97,30.72,19.65,10.59,28.95,20.31,11.44,29.33,76.46,14.95,9.2,18.77,0,2.57,5.65,120.54,150.09,12.967362,1.62,96
241,2026-01-09 00:00:00,22.14,20.84,23.5,22.04,15.32,30.97,21.8,16.73,29.09,22.17,17.37,29.47,77.47,17.33,15.2,20.97,0,3.31,6.78,106.92,150.88,13.036203,1.87,96
241,2026-01-10 00:00:00,22.52,21.32,23.77,21.24,14.03,31.58,21.16,14.9,29.36,22.08,16.6,30.31,75.57,16.27,13.44,20.49,0,2.63,7.79,146.54,153.84,13.291929,1.80,96
241,2026-01-11 00:00:00,22.51,21.18,23.73,20.78,12.3,32.18,20.47,13.11,30.1,21.03,14.34,30.12,76.11,15.78,10.3,19.22,0,3.92,12.21,226.96,135.96,11.747034,1.80,96
241,2026-01-12 00:00:00,21.99,20.84,23.1,17.23,9.24,25.32,16.93,9.44,23.87,17,9.51,24.16,65.93,10.44,3.85,15.93,0,5.59,9.09,96.53,116.76,10.087812,1.53,96
241,2026-01-13 00:00:00,21.86,21,22.64,18.76,13.07,25.99,18.44,13.13,24.79,18.52,13.12,25.03,76.42,14.01,11.18,16.35,0,3.98,7.15,89.13,97.51,8.424477,1.55,96
241,2026-01-14 00:00:00,21.99,21.21,22.82,17.87,13.29,25.87,17.51,13.77,23.93,17.6,13.94,23.61,74.09,12.57,11.03,14.05,0,2.82,7.1,270.88,125.92,10.766511,1.53,96
241,2026-01-15 00:00:00,20.75,18.71,22.11,12.39,0.31,16.81,12.43,1.69,16.23,12.7,2.86,16.34,77.79,8.51,-0.69,14.53,0.35,5.17,15.3,291.66,64.29,5.5548090000000006,1.32,96
241,2026-01-16 00:00:00,17.43,15.91,18.63,6.67,-3.73,19.92,6.99,-2.19,17.24,8.49,-1.03,19.01,60.82,-1.44,-4.73,1.13,0,2.68,6.19,104.21,185.78,16.050969000000002,1.00,96
241,2026-01-17 00:00:00,18.14,16.64,20.14,15.61,3.31,27.96,15.62,4.6,25.9,16.43,5.99,26.7,69.6,9.64,0.62,13.58,0,3.54,6.8,112.83,166.16,14.355981,1.49,96
241,2026-01-18 00:00:00,19.4,18.55,20.42,14.32,4.53,27.98,14.23,4.89,26.28,14.63,5.19,26.24,78.23,10.33,2.57,18.66,0.05,5.22,20.8,258.33,106.42,9.194904,1.76,96
241,2026-01-19 00:00:00,17.75,16.44,19.11,7.34,-1.4,18,7.3,-0.15,16.29,7.71,0.05,16.71,61.13,-0.94,-3.38,2.66,0,5.22,10.4,132.56,187.99,16.24212,1.15,96
241,2026-01-20 00:00:00,17,15.36,18.57,10.82,-0.75,22.7,10.68,0.25,21.07,10.95,1.08,21.06,64.41,3.83,-2.96,10.53,0,6.46,10.67,59.57,182.92,15.803991000000002,1.42,96
241,2026-01-21 00:00:00,18.1,16.66,19.65,15.64,6.91,26.05,15.48,7.29,25.1,15.62,7.6,24.5,70.11,9.66,4.69,13.25,0,6.16,11.09,45.66,151.63,13.100499000000001,1.74,96
241,2026-01-22 00:00:00,19.59,18.15,21.25,19.28,11.42,30.33,18.98,11.68,27.79,19.24,11.88,29.25,75.7,14.29,9.57,17.63,0,4.23,7.37,40.09,139.76,12.075633000000002,1.90,96
241,2026-01-23 00:00:00,21,19.62,22.53,21.08,13.94,31.67,20.76,14.21,29.07,21.23,14.37,30.04,75.82,15.97,12.78,19.05,0,2.97,5.7,79.06,145.24,12.548853,2.01,96
241,2026-01-24 00:00:00,21.68,20.47,22.88,21.48,13.84,30.27,21.18,14.51,28.83,21.44,15.48,28.96,78.14,16.94,13.16,19.98,0,4.02,7.36,74.39,135.22,11.682675,2.03,96
241,2026-01-25 00:00:00,22.33,21.12,23.66,22.43,16.55,31.83,22.34,16.77,30.86,22.6,16.92,30.22,79.02,18.18,15.42,20.89,0,4.68,10.56,161.6,166.81,14.412645,2.36,96
241,2026-01-26 00:00:00,22.63,21.77,23.35,19.47,7.87,26.4,19.12,8.08,26.26,19.25,8.14,25.87,80.79,15.63,4.15,21.79,0.03,6.47,11.73,262.31,132.92,11.484423,1.96,96
241,2026-01-27 00:00:00,19.76,18.56,21.7,6.83,-1.31,16.15,6.77,-0.89,14.55,7.18,-0.69,14.83,52.69,-3.15,-5.9,3.11,0,5.85,11.45,151.24,196.72,16.996743,1.34,96
241,2026-01-28 00:00:00,17.71,16.23,18.92,6.49,-4.76,20.07,6.74,-2.8,18.01,7.37,-1.76,18.52,53.85,-4.28,-10.26,-0.32,0,4.63,11.3,218.04,189.36,16.361028,1.47,96
241,2026-01-29 00:00:00,17.23,15.56,18.78,8.69,-5.79,23.09,9.08,-3.37,20.8,10,-0.89,21.52,57.17,-0.98,-5.22,6.02,0,4.19,8.84,112.71,198.47,17.147961000000002,1.59,96
241,2026-01-30 00:00:00,18.15,16.84,19.81,13.64,3.7,26.65,13.41,4.64,24.25,14.05,5.16,24.48,69.27,7.29,2.83,11.76,0,2.7,5.15,203.63,153.39,13.253094,1.82,96
241,2026-01-31 00:00:00,18.51,17.68,19.02,11.14,2.35,15.3,11.08,2.39,14.86,11.19,2.63,14.54,75.99,6.94,-4.33,11.75,0.02,6.36,15.2,278.51,42.26,3.651624,1.42,96
415,2026-01-01 00:00:00,20.16,18.86,21.43,11.09,5.44,21.01,10.98,5.47,19.04,12.23,5.93,19.35,65.63,4.28,1.24,7.22,0,4.66,7.96,303.79,170.45,14.727177,1.10,96
415,2026-01-02 00:00:00,19.8,18.45,21.11,12.78,4.73,23.36,12.98,5.81,21,14.89,8.4,20.84,77.23,8.75,4.14,12.16,0,2.4,5.66,208.99,162.06,14.001759,1.15,96
415,2026-01-03 00:00:00,20.44,19.2,21.94,17.74,9.5,26.82,17.64,10.75,24.88,18.5,11.99,25.05,74.93,12.74,8.94,15.35,0,3.51,5.6,233.32,162.55,14.043996,1.44,96
415,2026-01-04 00:00:00,21.84,21.03,23.07,20.67,16.83,25.41,20.17,16.77,23.51,20.44,17.13,23.36,82.16,16.99,14.82,18.96,0,5.92,8.89,136.22,145.71,12.589164,1.63,96
415,2026-01-05 00:00:00,22.59,21.79,23.57,20.04,16.44,26.14,19.75,16.88,24.24,20.4,17.08,23.87,89.17,17.86,15.86,20.34,0.05,3.88,7.11,215.5,113.71,9.824769,1.54,96
415,2026-01-06 00:00:00,22.88,21.74,24.21,21.15,15.93,28.84,20.92,16.58,26.59,21.78,17.39,26.55,84.62,18.05,15.71,20.34,0,3.3,6.49,217.37,165.33,14.28462,1.78,96
415,2026-01-07 00:00:00,23.38,22.23,24.58,21.11,16.46,28.49,20.86,16.44,26.08,21.84,17.1,25.99,83.04,17.71,15.31,19.98,0,3.54,5.41,205.52,164.24,14.190399000000001,1.76,96
415,2026-01-08 00:00:00,23.83,22.69,25.26,22.89,17.14,29.85,22.37,17.5,27.43,22.92,18.16,26.86,83.23,19.25,16.51,21.62,0,4.14,8.79,168.95,153,13.219308000000002,1.85,96
415,2026-01-09 00:00:00,24.65,23.75,25.64,24.48,21.55,28.74,24.07,22.21,26.67,24.45,22.94,26.07,80.76,20.52,19.29,21.42,0.02,6.35,9.17,122.05,168.39,14.548698,2.23,96
415,2026-01-10 00:00:00,24.92,24,25.94,24.6,21.16,29.14,24.25,21.88,27.5,24.7,23.21,26.94,78.48,20.22,19.43,21.29,0,6.33,9.53,141.02,154.77,13.372191,2.15,96
415,2026-01-11 00:00:00,24.85,23.82,25.73,22.89,18.74,30.42,22.48,18.71,28.24,22.92,19.23,28.21,83.4,19.39,16.96,21.53,0,4.6,11.58,240.53,138.92,12.002769,1.92,96
415,2026-01-12 00:00:00,24.72,24.35,25.57,22.08,20.28,23.64,21.8,20.14,22.77,22.03,20.43,22.78,75.53,17.28,16.3,18.15,0,8.15,13.59,60.99,42.12,3.6394560000000005,1.14,96
415,2026-01-13 00:00:00,23.93,23.68,24.48,22.03,20.76,23.06,21.8,20.69,22.78,22.1,20.83,23.19,78.29,17.84,16.47,18.83,0,6.05,8.74,94.72,33.75,2.9158829999999996,1.05,96
415,2026-01-14 00:00:00,23.79,23.44,24.31,21.12,15.06,24.8,20.88,15.76,23.65,21.24,16.73,23.65,82.83,17.8,13.81,20.26,0.06,4.92,8.91,232.74,98.15,8.480583000000001,1.51,96
415,2026-01-15 00:00:00,22.51,21.52,23.78,15.39,7.06,20,15.23,7.05,19.21,15.61,7.54,19.34,77.14,11.13,2.02,16.8,0.02,6.79,15.75,270.86,70.55,6.095835,1.42,96
415,2026-01-16 00:00:00,19.85,18.27,21.45,12.52,3.6,19.81,12.01,3.61,18.46,12.37,4,18.97,70.15,6.67,-1.21,12.62,0,6.03,8.49,224.05,179.48,15.506874000000002,1.20,96
415,2026-01-17 00:00:00,21.43,20.58,23,21.09,14.84,26.71,20.61,14.61,24.71,20.9,14.86,24.28,76.83,16.3,11.34,19.77,0,4.78,7.26,149.87,122.22,10.560186,1.65,96
415,2026-01-18 00:00:00,22.75,22.09,23.53,19.6,11.53,27.37,19.37,11.42,26.51,19.83,11.74,26.65,83.76,16.45,8.71,22.61,0.01,5.32,15.67,270.57,100.04,8.643618000000002,1.74,96
415,2026-01-19 00:00:00,21.35,20.02,23.06,12.4,5.44,17.83,11.93,5.32,16.33,12.15,5.72,16.41,78.43,8.22,3.52,12.37,0,8.4,12.64,329.14,177.2,15.310070999999999,1.29,96
415,2026-01-20 00:00:00,20.79,19.74,21.79,17.36,9.77,22.97,16.98,9.73,21.59,17.24,10.21,21.27,70.4,11.38,7.05,13.92,0,9.01,12.71,152.14,141.43,12.21993,1.63,96
415,2026-01-21 00:00:00,21.88,21.29,22.73,21.57,19.83,23.83,21.25,19.75,22.71,21.44,20.1,22.34,68.29,15.12,12.51,18.89,0,9.97,12.52,76,90.73,7.838694,1.54,96
415,2026-01-22 00:00:00,23.06,22.35,24.14,23.04,20.55,27.33,22.56,20.35,25.57,22.81,20.58,25.61,87.16,20.29,18.96,21.62,0.23,5.93,9.47,52.03,121.94,10.53603,1.90,96
415,2026-01-23 00:00:00,23.9,22.73,25.49,24.08,21.04,27.95,23.5,20.96,26.09,23.78,21.26,25.74,83.96,20.61,19.28,21.96,0,5.33,7.68,82.47,177.34,15.321843000000001,2.38,96
415,2026-01-24 00:00:00,24.68,23.29,26.36,24.62,22.02,29.05,24.1,22.36,27.07,24.37,23.28,26.29,80.09,20.42,19.6,21.55,0,6.53,10.51,105.12,177.7,15.3531,2.57,96
415,2026-01-25 00:00:00,25.44,24.25,26.79,25.11,21.53,28.92,24.74,22.16,27.62,25.04,23.07,27.06,83.39,21.7,20.43,22.9,0,7.35,11.43,160.78,172.45,14.899887,2.54,96
415,2026-01-26 00:00:00,25.52,24.74,26.38,22.91,14.84,30.77,22.65,14.64,29.43,23.01,14.89,29.2,84.75,19.86,11.27,23.09,0.06,5.66,11.02,257.34,117.83,10.180674000000002,2.10,96
415,2026-01-27 00:00:00,22.82,21.31,25.18,12.38,7.51,17.19,11.88,7.37,15.76,12.03,7.72,15.92,74.02,7.36,3.13,11.75,0,9.15,14.58,330.19,196.26,16.957278,1.56,96
415,2026-01-28 00:00:00,21.06,19.7,22.45,12.58,7.85,19.45,12.28,7.76,17.96,12.69,8.23,17.48,73.39,7.5,3.33,12.41,0,6.76,11.51,327.78,160.66,13.880853,1.62,96
415,2026-01-29 00:00:00,20.43,18.78,21.97,13.99,5.86,22.19,13.49,5.78,20.37,13.9,6.26,20.87,69.29,7.85,0.31,13.5,0,6.17,9.34,243.53,200.67,17.337528,1.75,96
415,2026-01-30 00:00:00,20.92,20.3,21.73,16.06,12.4,21.54,16,12.74,20.41,16.84,13.69,20.65,84.06,13.23,11.04,15.12,0,2.52,4.11,262.66,56.46,4.878423,1.42,96
415,2026-01-31 00:00:00,20.08,19.53,21.17,12.95,4.15,16.37,12.78,4.04,15.57,13.14,4.35,15.88,79.11,9.2,-2.97,13.32,0.02,6.77,16.42,284.68,51.42,4.442301,1.45,96
340,2026-01-01 00:00:00,14.29,12.57,16.2,6.81,-1.81,18.39,8.49,0.28,18.96,8.97,0.52,17.9,71.68,2.35,-0.13,6.49,0,2.87,30.99,279.53,133.11,11.50074,1.12,96
340,2026-01-02 00:00:00,14.81,12.81,17.08,10.33,1.56,21.21,11.85,3.38,21.67,12.29,4.15,20.65,84.69,8.98,3.01,14.12,0,1.94,6.45,241.1,125.22,10.819224000000002,1.24,96
340,2026-01-03 00:00:00,16.45,14.69,18.65,16.11,6.5,25.43,17.32,8.53,25.79,17.04,10.1,24.86,86.03,14.62,8.29,17.86,0.08,3.81,35.12,226.36,110.4,9.538452,1.53,96
340,2026-01-04 00:00:00,18.39,17.06,20.28,16.66,11.69,23.66,17.68,13.53,24.35,17.09,12.96,23.04,90.45,15.93,13.21,18.09,0.04,2.54,6.07,122.17,115.3,9.961929,1.47,96
340,2026-01-05 00:00:00,18.51,17.25,20.38,16,11.59,24.29,17.15,13.36,24.79,16.74,12.88,24.12,93.98,16.06,13.24,19.86,0,1.87,4.8,147.61,103.01,8.900046,1.47,96
340,2026-01-06 00:00:00,18.56,16.57,20.97,16.96,9.31,27.78,18.3,10.67,27.82,18.22,10.64,26.91,86.66,15.61,10.62,20.46,0,1.51,4.15,204.69,132.44,11.323611,1.55,96
340,2026-01-07 00:00:00,18.96,17.05,21.11,17.01,10.09,26.75,18.34,11.81,27.2,18.69,12.4,26.1,87.17,15.72,11.73,19.73,0,1.72,5.44,236.74,142.31,12.295836,1.55,96
340,2026-01-08 00:00:00,19.29,17.54,21.27,18.01,10.98,27.51,19.32,12.4,28.61,19.21,12.4,27.31,88.85,17.12,12.31,20.8,0,1.91,6.19,134.23,105.61,9.124362,1.65,96
340,2026-01-09 00:00:00,19.95,18.26,21.88,19.11,13.18,28.09,20.53,14.79,28.46,20.8,16.35,27.06,87.88,18.17,14.74,22.91,0,2.21,5.37,115.13,88.37,7.634961,1.65,96
340,2026-01-10 00:00:00,20.25,18.45,22.47,19.46,12.6,28.88,20.74,13.93,29.48,20.58,13.82,28.28,86.18,17.93,13.9,22.25,0,2.03,5.39,149.3,118.16,10.102481999999998,1.72,96
340,2026-01-11 00:00:00,20.4,18.84,21.9,18.82,12.33,27.11,19.94,14.19,27.85,19.74,13.96,26.51,85.8,17.22,9.82,20.83,0,3.79,8.93,204.37,93.1,8.0442,1.68,96
340,2026-01-12 00:00:00,19.39,17.73,21.02,15.46,10.24,23.13,16.35,11.39,23.49,15.57,10.82,22.42,76.4,12.01,7.2,15.82,0,4.34,11.19,126.03,124.59,10.764881999999998,1.50,96
340,2026-01-13 00:00:00,19.35,17.97,20.9,17.24,12.24,24.47,18.27,13.28,25.26,17.67,12.56,24.12,86.32,15.75,12.77,18.07,0,3.28,10.44,71.78,89.2,7.706565,1.55,96
340,2026-01-14 00:00:00,19.79,18.91,21.11,16.2,12.73,21.05,17.18,14.3,21.81,16.7,14.39,20.65,84.87,14.34,11.5,16.62,0.02,3.26,30,243.59,113.81,9.833463,1.44,96
340,2026-01-15 00:00:00,18.06,15.09,19.68,12.05,1.31,15.52,12.98,2.95,16.25,12.45,4.33,15.27,79.48,9.12,-0.15,15.86,0.39,6.33,47.91,270.35,84.6,7.309665,1.29,96
340,2026-01-16 00:00:00,13.86,11.64,16.13,6.28,-3.33,17.9,7.62,-1.71,18.33,7.89,-1.69,17.45,72.43,2.19,-2.73,7.19,0,2.11,20.84,206.99,146.12,12.361554,1.15,96
340,2026-01-17 00:00:00,15.28,13.4,18.14,14.07,4.1,24.26,15.33,5.54,25.27,15.24,6.82,23.9,81.83,11.88,5.09,17.25,0,3.31,58.98,127.1,127.67,11.030688,1.56,96
340,2026-01-18 00:00:00,16.79,15.82,18.18,13.83,5.99,25.54,14.9,7.03,26.53,14.63,6.87,25.16,88.91,12.95,5.9,20.95,0,4.63,21.57,266.4,79.81,6.895404000000001,1.79,96
340,2026-01-19 00:00:00,14.33,12.46,16.24,6.47,0.31,15.9,7.66,2.55,16.19,7.64,2.58,15.39,68.61,0.94,-3.07,5.79,0,3.36,13.1,214.58,151.15,13.059162,1.19,96
340,2026-01-20 00:00:00,13.71,11.35,16.41,10.68,0.37,19.03,11.79,2.89,19.75,11.2,5.12,18.31,69.65,6.25,0.03,11.41,0,5.04,11.52,62.9,147.88,12.77685,1.41,96
340,2026-01-21 00:00:00,15.4,13.21,18.12,14.98,8.28,23.19,16.12,9.83,23.88,15.58,9.64,22.6,76.74,11.7,8.54,14.39,0,4.32,10.97,44.37,131.29,11.34378,1.66,96
340,2026-01-22 00:00:00,17.68,15.59,20.5,18.01,11.61,26.02,19.08,13.16,26.96,18.31,12.87,25.22,86.56,16.61,12.49,20.19,0,3.52,7.6,60.03,132.03,11.407716,1.85,96
340,2026-01-23 00:00:00,19.04,17.11,21.25,18.57,11.97,27.33,19.8,13.38,28.17,19.69,14.38,26.64,85.94,17.06,13.3,20.75,0,2.28,5.84,107.35,108.99,9.416448,1.84,96
340,2026-01-24 00:00:00,19.6,17.65,21.92,18.28,11.72,26.94,19.59,13.47,27.9,19.59,14.53,26.17,87.82,17.23,13.37,21.23,0,3.55,53.53,102.56,126.31,10.913535,1.93,96
340,2026-01-25 00:00:00,20.52,18.37,23.05,21.11,13.13,30.47,22.29,14.35,31.08,22.21,15.11,29.66,83.16,18.85,14.29,22.89,0,3.28,7.79,165.96,135.53,11.710197,2.14,96
340,2026-01-26 00:00:00,21.42,20.05,23.08,19.27,8.32,24.43,20.16,9.32,25.05,19.45,8.72,23.68,83.49,17.07,-0.28,22.91,0,6.13,27.9,250.54,133.57,11.540736,1.89,96
340,2026-01-27 00:00:00,17.45,15.45,19.92,6.06,-1.99,13.72,7.21,0.12,14.18,7,0.86,13.08,61.48,-0.31,-5.35,4.07,0,4.2,37.63,176.26,173.33,14.975811,1.31,96
340,2026-01-28 00:00:00,15.03,12.83,17.49,5.24,-3.53,17.02,6.69,-1.46,17.35,7.02,-0.55,16.48,58.85,-3.08,-11.14,0.59,0,3.53,12.26,219.68,180.23,15.571863,1.43,96
340,2026-01-29 00:00:00,14.49,11.68,17.52,8.14,-5.03,20.14,9.51,-2.63,20.4,9.42,-1.7,19.24,70.88,3.51,-3.05,8.83,0,3.14,10.39,145.99,172.59,14.912028,1.57,96
340,2026-01-30 00:00:00,15.89,13.61,18.75,11.98,3.48,22.33,13.49,5.49,23.01,13.9,8.05,21.9,76,8.47,5.02,12.87,0,2.55,12.37,181.63,153.45,13.258241999999997,1.77,96
340,2026-01-31 00:00:00,15.84,13.76,16.86,9.99,0.06,13.37,10.95,1.1,14.58,10.45,0.59,14.3,76.44,6.86,-7.76,11.97,0.02,6.96,52.18,292.53,40.88,3.53232,1.44,96
StationID,Date Time,Soil Temp (C) Avg,Soil Temp (C) Min,Soil Temp (C) Max,Temp @ 60cm (C) Avg,Temp @ 60cm (C) Min,Temp @ 60cm (C) Max,Temp @ 2m (C) Avg,Temp @ 2m (C) Min,Temp @ 2m (C) Max,Temp @ 10m (C) Avg,Temp @ 10m (C) Min,Temp @ 10m (C) Max,Relative Humidity (%) Avg,Dew Point Temp (C) Avg,Dew Point Temp (C) Min,Dew Point Temp (C) Max,Rainfall Amount (in) Sum,Wind Speed (mph) Avg,Wind Speed (mph) Max,Wind Direction (deg) Avg,Solar Radiation (w/m2) Avg,Solar Radiation (MJ/m2) Sum,ETo Grass (mm) Avg,Number of Observations
330,2026-01-01 00:00:00,14.46,13.04,16.08,10.4,3.27,19.59,10.55,3.78,18.5,11.18,5.11,18.36,65.77,3.15,-0.14,7.5,0,3.33,6.83,294.32,108.23,9.351198,1.20,96
330,2026-01-02 00:00:00,14.9,13.38,16.72,14.06,7.51,22.97,14.15,7.79,21.92,14.99,8.68,21.49,79.68,10.27,6.83,13.35,0,2.32,6.35,240.77,99.8,8.622594,1.34,96
330,2026-01-03 00:00:00,16.16,14.89,17.69,17.9,12.51,26.18,17.75,12.83,25.02,18.04,13.78,24.22,86.69,15.25,11.92,17.37,0.16,2.68,8.6,204.85,58.91,5.09022,1.48,96
330,2026-01-04 00:00:00,17.43,16.43,18.82,16.62,12.74,22.14,16.28,12.59,20.93,16.32,12.9,20.43,91.55,14.83,12,16.44,0,2.47,5.93,91.97,79.42,6.86169,1.30,96
330,2026-01-05 00:00:00,17.72,16.48,19.85,16.91,12.45,26.46,16.4,12.37,24.39,16.57,12.77,23.41,89.97,14.56,11.78,18.31,0,1.74,3.37,122.49,106.12,9.16866,1.45,96
330,2026-01-06 00:00:00,17.95,16.16,20.04,18.81,11.78,29.24,18.66,11.79,27.12,19.25,12.88,26.64,82.36,15.17,11.36,18.74,0,1.83,4.39,213.73,98.47,8.50806,1.57,96
330,2026-01-07 00:00:00,18.92,17.39,21.09,19.73,15.09,27.2,19.47,15.12,25.99,19.75,15.66,25.51,87.14,17.09,14.63,19.84,0,2.07,4.86,243.43,97.44,8.418843000000003,1.54,96
330,2026-01-08 00:00:00,19.27,17.68,21.24,20.36,14.62,29.02,20.04,14.6,27.01,20.44,15.63,26.64,83.2,16.71,14.16,18.63,0,2.05,6.12,136.77,99.44,8.591589,1.59,96
330,2026-01-09 00:00:00,19.97,18.33,21.98,21.59,15.99,30.63,21.28,16.05,28.42,21.52,16.72,27.67,83.84,18.15,15.64,21.27,0,2.19,3.82,113.47,96.97,8.3781,1.66,96
330,2026-01-10 00:00:00,20.47,18.69,22.56,21.44,15.99,30.91,21.18,16.12,28.97,21.66,16.97,28.53,82.14,17.64,15.69,20.67,0,1.47,3.13,174.5,96.79,8.362925999999998,1.67,96
330,2026-01-11 00:00:00,20.19,19.07,21.17,18.66,12.39,26.34,18.48,12.39,25.65,18.81,12.17,25.23,87.56,16.25,6.78,19.71,0.02,2.92,8.69,229.71,59.15,5.110623,1.55,96
330,2026-01-12 00:00:00,17.89,16.23,19.42,14.18,8.44,22.4,13.72,8.16,21.08,13.75,8.21,20.81,75.22,9.26,4.66,13.7,0,3.76,6.16,126.03,108.12,9.341586,1.37,96
330,2026-01-13 00:00:00,18.52,16.76,21.05,18.08,11.88,27.5,17.5,11.58,25.21,17.48,11.75,24.77,81.31,14.03,10.55,16.71,0,2.83,5.45,82.24,111.76,9.65628,1.54,96
330,2026-01-14 00:00:00,19.47,18.55,20.34,17.03,13.94,20.24,16.55,13.85,19.28,16.53,14.47,18.95,77.07,12.32,9.7,14.16,0.01,4.25,9.22,271.18,85.32,7.371531,1.28,96
330,2026-01-15 00:00:00,17.74,15.49,19.31,12.27,5.05,15.58,11.87,5,15.28,11.93,5.16,15.7,76.01,7.44,-0.61,14.58,0.43,6.14,15.3,281.98,86.25,7.451955000000001,1.21,96
330,2026-01-16 00:00:00,13.84,11.9,15.8,7.48,-0.73,18.75,7.19,-0.28,15.71,7.97,0.71,16.07,56.84,-1.68,-5.03,4.11,0,2.22,5.49,176.38,131,11.318516999999998,1.09,96
330,2026-01-17 00:00:00,14.35,12.12,17.43,14.51,5.14,27.21,14.2,5.29,24.66,14.95,6.88,24.42,73.66,9.04,3.97,13.47,0,2.11,4.57,102.42,121.9,10.531845,1.50,96
330,2026-01-18 00:00:00,15.78,14.79,16.69,13.02,5.82,25.61,12.75,5.68,25.03,13.03,5.73,24.53,86.21,10.4,4.04,17.54,0.03,4,18.44,257.07,66.3,5.7287159999999995,1.73,96
330,2026-01-19 00:00:00,13.25,11.4,15.07,7.58,1.67,16.68,7.27,1.65,14.72,7.51,1.48,14.55,61.8,-0.7,-3.85,3.91,0,3.45,6.59,192.22,136.46,11.789793000000001,1.16,96
330,2026-01-20 00:00:00,12.73,10.64,15.2,10.42,2.83,20.08,10.02,2.8,18.61,10.04,2.89,18.35,61.98,2.59,-0.77,6.36,0,4.55,8.52,120.26,134.77,11.643795,1.37,96
330,2026-01-21 00:00:00,14.21,12.08,16.9,15.17,8.62,24.63,14.8,8.5,22.82,14.86,8.65,22.15,70.84,9.23,5.71,11.85,0,4.79,9.93,51.18,121.99,10.539765,1.61,96
330,2026-01-22 00:00:00,16.44,14.56,18.93,18.43,12.68,27.48,18.01,12.39,25.72,18.05,12.64,25.31,80.75,14.43,11.21,17.43,0,3.24,6.11,62.27,108.15,9.343925999999998,1.73,96
330,2026-01-23 00:00:00,18.2,16.05,21.05,20.02,13.4,30.61,19.55,13.61,27.96,19.8,14.13,27.99,80.02,15.55,13.14,18.88,0,2.09,4.3,162.57,137.65,11.893284,1.90,96
330,2026-01-24 00:00:00,19.19,17.35,21.35,20.26,14.07,29.03,19.85,14.13,26.88,20,14.7,26.31,81.97,16.36,13.5,19.26,0,3.14,6.82,90.64,120.52,10.41318,1.86,96
330,2026-01-25 00:00:00,20.45,18.52,22.99,22.82,16.05,32.56,22.43,16.01,30.52,22.53,16.73,29.99,82.07,18.81,15.45,21.31,0,2.32,4.95,160.4,125.9,10.877841,2.08,96
330,2026-01-26 00:00:00,21.02,18.82,22.14,18.19,7.68,22.54,17.73,7.4,22.31,17.6,7.33,22.33,82.73,14.65,-2.29,21.13,0.22,4.86,46.63,119.82,123.49,10.669419,1.64,96
330,2026-01-27 00:00:00,15.96,13.8,18.68,6.16,0.41,13.94,5.72,0.31,11.79,5.89,0.28,11.76,49.95,-4.51,-6.73,-1.34,0,,,0,167.12,14.439491999999998,,96
330,2026-01-28 00:00:00,14.02,11.84,16.6,8,1.17,18.47,7.54,1.15,16.55,7.62,1.2,16.24,51.76,-3.32,-8.27,1.32,0,3.87,6.64,300.71,171.15,14.787612,1.43,96
330,2026-01-29 00:00:00,13.77,11.04,16.76,9.55,-0.02,21.75,9.24,0.74,19.03,9.59,1.26,18.63,64.23,1.47,-1.58,6.73,0,2.99,5.86,150.62,174.48,15.074847,1.53,96
330,2026-01-30 00:00:00,15.07,12.55,18.16,13.73,5.59,23.05,13.48,5.44,21.75,13.75,5.58,21.47,68.36,6.82,4.6,10.31,0,2.91,7.38,262.05,164.47,14.210216999999998,1.73,96
330,2026-01-31 00:00:00,15.46,13.37,16.74,10.2,-0.05,15.49,9.84,-0.23,15.26,9.81,-0.31,15.31,71.62,4.86,-9.3,10.43,0,7.36,15.83,292.89,39.52,3.4144920000000005,1.52,96
275,2026-01-01 00:00:00,14.01,12.39,15.58,6.31,-4.7,17.93,5.92,-4.47,16.7,6.99,-3.19,16.58,76.11,0.93,-4.78,6.69,0,3.58,10.43,234.15,174.08,15.040305,0.90,96
275,2026-01-02 00:00:00,14.77,13.25,16.52,10.92,0.98,21.82,10.45,1.1,20.79,11.32,2.43,20.26,85.37,7.76,0.69,13.21,0,2.98,8.52,212.76,128.93,11.139191999999998,1.22,96
275,2026-01-03 00:00:00,16.36,15.23,17.73,17.42,9.77,24.28,16.87,9.7,23.01,17.55,11.95,22.91,90.31,15.17,9,17.68,0.21,7.38,16.43,196.41,103.84,8.971812,1.50,96
275,2026-01-04 00:00:00,16.98,16.16,17.52,14.42,9.41,18.28,13.91,9.27,17.75,14.66,10.82,17.65,93.97,12.93,8.89,15.82,0.01,4,8.47,86.64,53.59,4.630203,1.23,96
275,2026-01-05 00:00:00,17.28,16.31,18.9,15.48,9.15,24.45,14.85,9.17,23.12,15.46,11.05,23.26,90.57,13.17,8.76,16.98,0,3.28,7.12,137.37,115.25,9.957663,1.40,96
275,2026-01-06 00:00:00,17.61,16.09,19.22,16.4,8.58,26.14,15.85,8.35,24.95,16.63,9.42,24.6,87.71,13.57,7.98,18.15,0,3.28,10.33,200.89,149.51,12.917979,1.42,96
275,2026-01-07 00:00:00,18.89,17.46,20.66,19.36,12.49,26.67,18.72,12.35,24.86,19.52,13.97,24.76,89.19,16.71,11.9,20.36,0,3.24,7.47,214.68,154.12,13.316229,1.52,96
275,2026-01-08 00:00:00,20.19,19.08,21.65,19.81,14.53,28.25,19.12,14.63,27.42,19.89,15.47,27.24,84.79,16.09,13.84,20.39,0.06,2.5,5.62,133.16,142.01,12.26925,1.68,96
275,2026-01-09 00:00:00,20.53,19.2,22.14,21.12,14.26,30.34,20.6,14.93,28.68,21.36,16.44,28.72,85.04,17.66,14.24,20.24,0,3.25,7.81,163.63,147.08,12.707900999999998,1.77,96
275,2026-01-10 00:00:00,20.59,19.22,21.9,18.62,11.8,29.02,18.12,11.76,27.53,19.12,13.17,27.39,85.28,15.2,11.32,19.86,0,3.47,10.77,219.47,165.71,14.317659,1.63,96
275,2026-01-11 00:00:00,19.97,18.84,20.7,15.82,7.99,20.97,15.4,8.65,20.07,16.16,10.05,20.3,81.09,11.83,2.04,19.48,0.09,4.23,10.45,187.97,70.89,6.125031,1.37,96
275,2026-01-12 00:00:00,17.24,15.87,18.75,11.27,5.45,18.72,10.73,5.2,17.59,11.24,5.94,17.49,68.58,5.04,-0.83,9.92,0,7.44,11.49,33.55,163.66,13.992822,1.20,96
275,2026-01-13 00:00:00,17.65,16.43,19.09,14.47,9.66,22.69,13.72,9.15,21.47,14.23,9.71,21.74,80.82,10.31,6.62,13.85,0,4.54,9.61,107.36,128.01,11.060091,1.39,96
275,2026-01-14 00:00:00,17.84,17.25,18.36,13.28,9.55,18.18,12.73,9.12,17.41,13.43,10.47,17.03,89.22,10.9,8.62,12.96,0.02,2.59,9.48,239.98,68.38,5.908365,1.22,96
275,2026-01-15 00:00:00,16.66,15.1,17.52,9.9,1.51,13.64,9.39,1.87,12.67,9.99,4.02,13.05,74.13,4.58,-5.74,12.01,0.37,7.17,18.64,276.18,174.08,14.883516000000002,0.99,96
275,2026-01-16 00:00:00,13.84,12.09,15.31,3.13,-6.99,16.14,2.66,-6.85,14.64,3.64,-5.6,14.92,66.26,-4.62,-7.87,-0.38,0,2.46,7.48,184.99,193.27,16.525008,0.88,96
275,2026-01-17 00:00:00,13.81,11.73,16.09,10.87,-3.69,25.51,10.4,-3.86,23.74,11.51,-2.54,23.99,71.47,4.28,-4.32,9.99,0,2.93,9.86,207.55,171.81,14.844753,1.30,96
275,2026-01-18 00:00:00,15,13.74,15.67,9.34,-0.26,16.27,8.86,-0.37,15.76,9.61,0.7,16.08,92.96,7.76,-0.72,13.8,0.3,3.79,15.79,240.39,34.05,2.942028,1.39,96
275,2026-01-19 00:00:00,12.63,10.97,14.01,3.81,-5.34,14.66,3.32,-5.39,13.27,4.17,-4.09,13.6,73.46,-2.16,-5.76,1.44,0,3.08,9.08,202.64,194.6,16.813151999999995,0.95,96
275,2026-01-20 00:00:00,12,10.29,13.64,5.67,-5.52,18.34,5.43,-5.55,17.3,6.91,-3.49,17.28,65.48,-2.36,-5.85,1.09,0,4.6,11.11,87.86,188.71,16.304841000000003,1.18,96
275,2026-01-21 00:00:00,13.04,11.25,15.18,13.5,3.25,22.56,13.13,3.78,21.59,13.83,6.39,21.19,67.68,6.95,1.63,11.24,0,6.24,10.59,55.09,175.64,15.175197,1.52,96
275,2026-01-22 00:00:00,15.41,13.97,17.26,16.1,9.17,25.12,15.65,9.06,23.74,16.56,11.61,23.76,80.87,12,8.55,15.29,0,3.24,6.92,73.59,138.85,11.996262,1.65,96
275,2026-01-23 00:00:00,16.51,14.67,18.63,16.65,8.06,28.36,16.05,7.7,26.74,17.44,11.02,26.66,83.13,12.69,7.3,16.77,0,2.92,8.6,195.45,176.51,15.250203,1.77,96
275,2026-01-24 00:00:00,17.68,16.21,19.26,18.33,10.66,25.94,17.79,10.71,24.9,18.61,13.2,24.79,84.41,14.88,10.24,17.56,0,5.35,9.77,84.36,156.97,13.562343000000002,1.85,96
275,2026-01-25 00:00:00,19.2,18.1,20.64,22.11,15.97,29.51,21.36,15.31,28.66,21.74,15.85,28.2,85.64,18.61,14.72,21.66,0,8.89,16.87,160.69,145.47,12.568995,2.23,96
275,2026-01-26 00:00:00,19.57,17.31,20.44,14.86,4.52,23.24,14.15,4.41,22.69,14.73,5.25,23.33,82.81,11.05,-5.36,21.29,0.08,8.59,13.37,281.64,96.66,8.351721,1.85,96
275,2026-01-27 00:00:00,15.38,13.82,17.22,3,-4.44,12.92,2.45,-4.29,11.57,3.25,-3.09,12.05,57.14,-6.43,-10,-1.7,0,3.86,9.21,202.31,206.53,17.844246,1.15,96
275,2026-01-28 00:00:00,13.77,12.13,15.39,2.75,-6.03,14.49,2.26,-6.09,13.25,3.52,-3.81,12.87,70.83,-3.9,-7.61,1.96,0,3.31,9.6,169.63,201.68,17.425521,1.22,96
275,2026-01-29 00:00:00,13.31,11.34,15.29,5.26,-6.78,19.67,4.78,-6.95,18.55,6.01,-4.8,18.88,70.53,-2.09,-7.32,5.16,0,2.72,7.44,149.68,203.57,17.588493,1.42,96
275,2026-01-30 00:00:00,13.93,11.94,16.02,9.27,-3.23,21.63,8.61,-3.52,19.99,9.56,-1.82,20.05,72.14,2.84,-3.79,7.93,0,2.75,8.16,188.14,190.83,16.48746,1.54,96
275,2026-01-31 00:00:00,14.52,13.19,15.36,6.57,-1.92,11.76,6.01,-2.52,10.32,6.68,-1.82,11.45,71.2,0.97,-12.4,8.24,0,7.69,17.03,280.99,74.1,6.401835,1.28,96
170,2026-01-01 00:00:00,11.24,8.32,14.46,9.08,-1.08,19.48,9.35,0.05,18.9,10.06,2.26,18.6,60.08,1.01,-2.39,6.81,0,7.11,12.84,260.25,143.01,12.356262,1.21,96
170,2026-01-02 00:00:00,12.81,10.43,15.37,12.89,5,20.64,13.15,5.67,20.21,13.71,7.68,19.55,79.65,9.39,4.59,12.6,0,5.88,12.95,237.59,99.28,8.57745,1.36,96
170,2026-01-03 00:00:00,15.22,13.73,16.97,16.47,12.76,24.31,16.46,13.17,23.76,16.54,13.48,23.23,91.52,15,12.08,18.15,0.91,7.66,16.07,225.38,62.53,5.402979000000001,1.51,96
170,2026-01-04 00:00:00,14.66,13.82,15.53,12.44,10.58,14.56,12.34,10.63,14.52,12.39,11.08,14.6,93.54,11.32,9.35,14.24,0.01,4.99,10.34,94.37,24.27,2.0973329999999994,1.05,96
170,2026-01-05 00:00:00,14.71,13.45,16.87,13.37,8.75,19.43,13.27,9.09,18.84,13.5,10.51,18.64,91.94,11.92,8.78,14.96,0,3.12,6.49,166.66,70.7,6.108462000000001,1.26,96
170,2026-01-06 00:00:00,15.24,12.74,18.17,16.29,6.45,25.3,16.17,6.54,24.51,16.28,7.77,24.02,86.71,13.64,6.32,17.94,0,4.81,11.8,203.67,114.46,9.889461,1.51,96
170,2026-01-07 00:00:00,18.19,16.9,20.19,20.09,16.92,25.92,19.96,17.05,25.12,20.04,17.55,24.58,88.39,17.85,16.06,19.34,0,5.98,11.14,243.91,97.08,8.387802,1.57,96
170,2026-01-08 00:00:00,19.22,17.99,21.21,19.53,15.53,25.98,19.37,15.57,25.08,19.71,17.49,25.51,91.33,17.79,15.1,19.74,0,2.42,8.1,165.07,82.24,7.105940999999999,1.48,96
170,2026-01-09 00:00:00,19.36,17.08,21.97,20.25,14.09,28.5,20.33,14.61,27.83,20.92,16.23,27.16,84.58,17.31,14.31,20.35,0,5.08,10.43,151.7,124.88,10.789281,1.74,96
170,2026-01-10 00:00:00,19.65,17.5,21.98,20.5,14.54,27.1,20.75,15.33,26.25,21.1,17.34,26.06,81.44,17.12,14.68,20.04,0,6.55,14.56,202.89,125.87,10.875356999999997,1.72,96
170,2026-01-11 00:00:00,18.52,15.48,19.72,15.03,7.66,19.27,14.99,7.89,19.22,15.16,8.56,19.24,72.01,9.36,-1.15,18.98,0.06,7.93,13.45,280.43,104.25,9.00684,1.37,96
170,2026-01-12 00:00:00,13.71,11.17,16.02,7.96,1.68,14.98,7.87,2.01,14.17,7.9,2.18,13.66,57.98,0.02,-4.33,4.64,0.05,6.48,10.04,30.82,143.52,12.399795,1.07,96
170,2026-01-13 00:00:00,14.01,11.78,16.59,11.35,3.81,18.75,11.12,4.34,18.02,11.2,5.38,17.65,62.83,3.99,-1.63,10.87,0,3.45,9.41,127.66,121.07,10.460475,1.21,96
170,2026-01-14 00:00:00,14.42,13.55,15.62,11,8.67,12.56,10.94,8.87,12.53,11.13,8.85,12.92,75.62,6.59,1.41,10,0.05,4.77,10.49,251.66,52.92,4.572440999999999,1.03,96
170,2026-01-15 00:00:00,12.67,10.55,14.21,6.89,-2.13,10.23,6.96,-1.19,10.32,7.42,0.91,10.55,65.89,0.02,-8.98,9.01,0.01,8.57,18.45,286.01,140.35,12.126275999999999,0.98,96
170,2026-01-16 00:00:00,9.74,6.57,13.23,2.94,-6.45,14.28,3.07,-6.29,13.46,4.08,-5.32,13.16,62.56,-5.12,-8.47,-1.1,0,3.15,7.19,186.69,160.91,13.902849000000002,0.95,96
170,2026-01-17 00:00:00,10.86,8.72,13.5,12.27,-0.14,20.24,12.55,0.78,19.75,13.09,5.59,19.67,59.74,4.58,-5.06,11.69,0,4.97,10.54,186.54,58.94,5.092506,1.52,96
170,2026-01-18 00:00:00,11.4,8.26,12.94,6.63,-1.72,13.22,6.62,-1.41,13.39,6.95,-0.78,13.99,92.07,5.39,-1.82,11.13,0.86,6.11,14.52,298.24,26.41,2.2816439999999996,1.35,96
170,2026-01-19 00:00:00,8.09,5.35,11.36,3.58,-3.45,12.39,3.72,-3.01,11.65,4.51,-1.4,11.27,69.21,-2.19,-4.78,1.55,0,3.83,8.18,286.71,162.52,14.041854,0.99,96
170,2026-01-20 00:00:00,8.39,5.51,11.62,5.7,-2.34,15.68,5.88,-2.12,15.04,7.01,0.2,14.72,68.04,-0.46,-3.42,2.88,0,4.98,12.69,126.13,159.25,13.759515,1.18,96
170,2026-01-21 00:00:00,9.91,7.06,13.3,10.04,1.16,20.39,10.35,1.68,19.71,11.31,3.8,19.37,65.79,3.61,-1.25,8.78,0,3.61,7.79,73.54,129.13,11.157012,1.42,96
170,2026-01-22 00:00:00,13.89,11.31,17.66,16.06,10.24,25.64,16.15,10.29,24.99,16.76,10.96,24.82,70.92,10.24,8.84,13.05,0,3.13,7.77,113.93,153.45,13.258377,1.72,96
170,2026-01-23 00:00:00,15,12.18,18.06,15.97,7.19,26.09,16.03,7.51,25.89,16.79,9.95,24.79,78.27,11.79,6.69,15.62,0,3.43,8.8,178.29,114.55,9.896949000000001,1.77,96
170,2026-01-24 00:00:00,15.75,14.53,16.88,14.87,11.92,19.29,14.67,11.9,19.26,14.68,11.99,18.61,87.46,12.54,11.01,14.56,0,7.79,12.09,58,65.55,5.663403,1.43,96
170,2026-01-25 00:00:00,16.1,14.48,18.32,17.76,11.81,25.56,17.6,11.63,24.92,17.54,11.67,24.58,92.25,16.27,11.05,21.18,0.05,9.85,19.57,155.43,54.18,4.681431,1.81,96
170,2026-01-26 00:00:00,16.09,11.66,18.42,10.86,1.9,21.28,10.63,1.87,21.21,10.72,2.51,21.4,74.25,5.74,-6.92,20.36,0.07,10.53,15.44,307.7,101.72,8.788536,1.86,96
170,2026-01-27 00:00:00,9.71,6.96,12.42,1.53,-4.68,9.85,1.65,-4.23,9.04,2.11,-3.76,8.85,49.41,-8.48,-11.21,-3.19,0,5.44,8.96,316.38,173.51,14.991498000000002,1.11,96
170,2026-01-28 00:00:00,9.26,6.39,12.73,4.67,-2.86,14.64,4.93,-2.1,13.86,5.53,-1.11,13.4,56.04,-4,-6.61,-0.64,0,5.1,9.26,289.86,162.31,14.023278,1.33,96
170,2026-01-29 00:00:00,9.86,6.37,13.7,6.2,-3.53,17.11,6.41,-3.01,16.44,7.47,-1.98,16.64,65.11,-1.09,-3.73,3.29,0,2.66,7.22,172.55,166.88,14.418575999999998,1.39,96
170,2026-01-30 00:00:00,10.1,7.53,11.89,6.73,-2.81,16.49,6.8,-2.66,16.13,7.64,-0.87,15.64,76.92,2.49,-3.21,7.04,0,3.43,9.66,213.19,81.8,7.067565,1.48,96
170,2026-01-31 00:00:00,9.98,7.75,11.69,3.32,-3.63,8.65,3.23,-3.53,8.06,3.39,-3.37,7.9,65.91,-2.93,-13.3,5.02,0,12.01,22.16,296.63,120.26,10.390311,1.25,96
180,2026-01-01 00:00:00,13.01,10.29,16.15,7.2,-2.7,19.48,7.69,-1.93,18.96,8.08,-1.64,19.23,62.75,-0.44,-3.12,2.19,0,1.59,5.38,214.79,153.48,13.26078,1.00,96
180,2026-01-02 00:00:00,13.98,11.67,16.54,11.56,2,21.67,11.93,2.94,20.93,12.31,3.58,21.02,76.03,7.29,2.22,11.33,0,1.7,4.05,216.93,111.21,9.608238,1.25,96
180,2026-01-03 00:00:00,16.27,14.45,18.82,16.71,11.59,26.67,16.69,12.49,26.06,16.67,12.72,25.75,88.14,14.48,10.91,17.32,0.48,3.58,7.26,224.73,106.7,9.219204,1.55,96
180,2026-01-04 00:00:00,15.96,15.25,16.8,12.53,10.79,14.93,12.5,10.7,14.94,12.39,10.74,14.94,95.2,11.74,10.19,14.92,0.01,2.35,4.3,63.89,27.86,2.407518,1.05,96
180,2026-01-05 00:00:00,16.27,14.2,19.19,14.24,9.15,23.49,14.19,9.29,22.35,14.41,9.25,23.17,88.2,12.05,9.04,15.33,0.01,1.38,4.22,204.15,133.37,11.403288,1.31,96
180,2026-01-06 00:00:00,17.01,14.74,19.68,16.17,8.11,26.09,16.32,8.25,25.49,16.51,8.25,25.53,84,13.15,8.18,17.03,0,1.67,5.91,210.05,121.72,10.51632,1.44,96
180,2026-01-07 00:00:00,19.17,17.52,21.89,20.2,15.6,27.34,20.32,16.04,26.87,20.51,16.36,26.71,82.87,17.02,15.3,18.53,0,1.89,4.68,229.37,132.25,11.3076,1.65,96
180,2026-01-08 00:00:00,20.02,18.65,22.11,19.99,15.29,26.03,19.93,15.7,25.2,20.05,16.24,25.48,86.8,17.46,14.98,18.4,0,1.75,3.61,190.66,103.94,8.980506,1.52,96
180,2026-01-09 00:00:00,20.47,18.53,22.92,20.78,15.36,28.8,20.85,15.49,28.03,20.98,15.76,28.4,82.66,17.39,15.33,20.07,0,2.53,6.53,142.14,131.37,11.350359,1.72,96
180,2026-01-10 00:00:00,20.55,18.74,22.69,20.16,14.54,28.06,20.45,15.19,27.66,20.86,15.98,27.35,80,16.46,14.05,19.66,0,2.48,6.68,204.99,120.76,10.433925,1.68,96
180,2026-01-11 00:00:00,18.95,16.61,20.18,14.31,5.59,19.5,14.55,6.24,18.92,14.76,7.06,18.87,74.69,9.49,-0.2,17.99,0.06,2.4,5.92,240.35,98.34,8.496819,1.26,96
180,2026-01-12 00:00:00,15.26,12.97,17.08,8.17,2.26,14.07,8.21,2.52,13.37,8.2,2.45,13.1,64.81,1.91,-4.32,6.82,0,3.28,7.11,39.88,129.65,11.201877,1.01,96
180,2026-01-13 00:00:00,16.15,14.03,18.71,11.33,5.4,19.29,11.3,5.65,18.78,11.46,5.72,19.02,68.29,5.3,0.04,9.66,0,1.75,4.77,176.48,142.28,12.293397,1.18,96
180,2026-01-14 00:00:00,16.37,15.57,16.95,12.17,10.18,14.85,12.14,10.23,14.77,12.13,10.56,14.26,71.43,6.79,0.82,10.35,0.01,1.6,4.03,249.96,56.08,4.844907,1.08,96
180,2026-01-15 00:00:00,15.17,13.47,17.16,7.56,-1.32,11.99,7.75,-0.35,11.65,7.91,0.44,11.02,61.95,-0.11,-9.24,8.48,0,2.47,6.09,271.17,148.46,12.826791,0.91,96
180,2026-01-16 00:00:00,12.54,9.76,15.61,2.79,-6.41,14.48,3.1,-5.81,13.72,3.42,-6.32,14.69,55.54,-6.96,-11.28,-1.51,0,1.53,4.04,165.42,171.97,14.703858000000002,0.89,96
180,2026-01-17 00:00:00,13.5,11.02,16.28,12.28,-0.11,21.87,12.55,0.36,21.27,12.72,0.56,21.2,57.98,3.62,-2.19,8.3,0,2.83,8.29,189.41,115.4,9.970775999999999,1.40,96
180,2026-01-18 00:00:00,13.85,11.08,15.16,7.53,-1.2,12.53,7.59,-1.03,12.7,7.59,-0.79,12.89,88.96,5.8,-1.28,9.74,0.42,2.21,5.91,231.35,26.02,2.248425,1.22,96
180,2026-01-19 00:00:00,10.6,7.86,13.76,2.94,-4.26,13.89,3.1,-3.79,12.94,3.2,-3.97,13.23,71.9,-2.76,-6,0.03,0.01,1.33,3.63,246.25,173.46,14.987133,0.96,96
180,2026-01-20 00:00:00,10.56,7.81,13.8,5.11,-2.75,15.74,5.37,-2.33,15.52,5.44,-2.44,15.09,67.14,-1.51,-4.1,1.08,0,1.92,6.27,143.35,170.13,14.545791,1.10,96
180,2026-01-21 00:00:00,11.85,8.92,15.11,9.91,0.13,20.3,9.96,0.58,19.78,9.98,0.61,19.57,71.67,4.32,-0.42,9.15,0,1.85,4.48,104.75,140.77,12.162663,1.35,96
180,2026-01-22 00:00:00,15.34,13.11,18.79,15.86,10.1,25.12,15.88,10.83,24.27,16.05,10.87,24.74,72.89,10.36,8.85,12.89,0,1.55,3.4,102.06,149.27,12.896703,1.66,96
180,2026-01-23 00:00:00,16.25,13.43,19.35,15.36,6.76,26.25,15.48,7.13,25.79,15.79,7.17,25.65,77.07,10.67,6.82,14.82,0,1.06,3.22,177.62,143.91,12.30408,1.67,96
180,2026-01-24 00:00:00,16.88,15.77,18.13,14.49,11.88,19.82,14.44,12,19.1,14.42,11.79,18.9,87.27,12.24,10.95,13.89,0,3.98,6.3,51.75,75.32,6.507567,1.39,96
180,2026-01-25 00:00:00,17.26,15.74,19.17,18.02,11.1,27.02,17.99,11.08,26.76,17.89,11.02,26.57,87.09,15.6,10.78,20.13,0,4.44,8.78,150.32,73.47,6.347835,1.82,96
180,2026-01-26 00:00:00,17.78,13.89,18.92,12.42,1.67,22.84,12.4,2.22,23.03,12.48,2.36,23.01,74.96,7.83,-7.16,20.32,0.22,3.6,6.49,295.42,104.96,9.068895,1.72,96
180,2026-01-27 00:00:00,11.86,9.24,14.41,1.55,-4.56,10.75,1.65,-4.28,10.49,1.78,-4.24,10.29,48.54,-8.79,-11.45,-5.24,0,2.29,4.67,261.27,185.95,16.066133999999998,1.10,96
180,2026-01-28 00:00:00,11.34,8.61,14.84,4.44,-3.39,16.01,4.71,-2.9,15.36,5.05,-2.78,15.53,54.77,-4.83,-7.16,-2,0,1.54,3.92,252.51,174.27,15.057233999999998,1.29,96
180,2026-01-29 00:00:00,11.82,8.65,15.4,6.57,-3.35,17.27,6.73,-2.8,16.58,6.94,-3.09,17.58,60.13,-2.1,-4.34,1.74,0,1.49,4.64,138.77,179.97,15.549695999999997,1.36,96
180,2026-01-30 00:00:00,12.69,9.7,15.36,8.58,-1.91,19.85,8.65,-1.61,19.53,8.68,-1.79,19.2,69.07,2.29,-2.17,6.15,0,1.62,5.24,219.46,142.13,12.280005,1.54,96
180,2026-01-31 00:00:00,13.16,11.26,15.1,4.76,-3.29,12.11,4.75,-3.04,11.14,4.71,-3.16,11.13,61.92,-2.36,-13.23,5,0,3.68,7.85,297.87,126.51,10.930077,1.26,96
130,2026-01-01 00:00:00,11.62,8.17,15.81,9.32,-0.18,19.08,9.5,0.1,18.53,9.9,0.62,18.43,64.96,2.53,-1.48,6.57,0,3.78,9.5,256.96,152.79,13.200894,1.06,96
130,2026-01-02 00:00:00,12.98,10.16,15.78,13.14,4.1,20.25,13.24,4.71,19.93,13.38,5.05,19.73,78.98,9.48,3.34,14.55,0,3.77,8.1,194.51,80.41,6.947604000000001,1.35,96
130,2026-01-03 00:00:00,16.26,14.77,18.36,17.92,14.05,21.34,17.99,14.31,21.14,17.8,14.34,20.54,92.02,16.66,13.21,19.47,0.96,4.65,8.2,197.93,37.92,3.276585,1.26,96
130,2026-01-04 00:00:00,15.67,13.88,19.09,13.93,8.96,20.48,13.83,9.04,19.38,13.81,10.04,19.17,86.67,11.51,8.25,13.22,0,2.94,7.74,85.5,132.26,11.427435,1.22,96
130,2026-01-05 00:00:00,14.44,12.97,16.73,11.37,8.73,15.94,11.27,8.9,15.46,11.16,8.95,15.47,93,10.14,8.22,12.24,0,2.52,5.97,89.19,70.08,6.05466,1.11,96
130,2026-01-06 00:00:00,15.89,12.94,19.6,17.3,9.49,25.08,17.23,9.58,24.56,17.05,9.38,24.45,84.15,14.25,8.93,18.5,0,4.12,8.78,174.67,139.75,12.074571,1.47,96
130,2026-01-07 00:00:00,17.73,16.34,19.74,19.5,16.74,24.1,19.56,16.87,23.99,19.5,17.21,23.74,89.04,17.6,16.31,19.14,0,4.22,11.56,242.47,66.51,5.746176,1.39,96
130,2026-01-08 00:00:00,18.72,17.12,21.57,19.19,14.65,24.44,19.11,15.07,24.05,19.11,15.44,23.83,90.92,17.5,14.49,19.6,0,3.7,8.85,149.68,94.66,8.178543000000001,1.48,96
130,2026-01-09 00:00:00,18.63,15.76,21.46,20.21,12.96,26.82,20.26,13.14,26.46,20.27,13.62,26.2,86.77,17.83,12.61,20.7,0,6.14,12.35,155.56,119,10.174491,1.68,96
130,2026-01-10 00:00:00,20.58,19.42,22.46,22.29,18.43,27.47,22.18,18.28,27.11,22.04,18.19,26.93,83.27,18.92,16.98,20.4,0.04,7.17,12.69,223.24,123.16,10.641168000000002,1.81,96
130,2026-01-11 00:00:00,16.44,12.83,19.8,12.55,6.09,18.14,12.4,6.03,17.93,12.27,6.19,17.9,58.17,3.71,-6.43,16.35,0,10.76,16.63,302.29,129.44,11.183831999999999,1.32,96
130,2026-01-12 00:00:00,12.37,9.94,15.37,5.34,-0.4,12,5.18,-0.4,11.19,5.25,0.58,10.82,55.15,-3.79,-6.33,0.53,0,3.79,7.75,80.15,143.23,12.374703,0.91,96
130,2026-01-13 00:00:00,11.86,8.38,16.26,6.25,-2.87,17.92,6.05,-2.77,16.76,6.48,-2.58,16.92,65.85,-1.11,-4.39,2.19,0,1.9,3.72,193.45,172.17,14.875794,0.96,96
130,2026-01-14 00:00:00,12.47,11,14.57,9.91,3.29,15.34,9.85,3.72,14.96,9.73,3.89,14.75,74.98,5.45,1.5,8.7,0.07,6.44,17.79,257.41,98.05,8.383427999999999,1.19,96
130,2026-01-15 00:00:00,10.96,8.33,13.03,5.44,-2.29,9.76,5.4,-1.96,9.74,5.41,-1.52,9.63,59.51,-2.68,-9.96,8.58,0,9.01,15.63,304.67,172.47,14.901399000000001,0.90,96
130,2026-01-16 00:00:00,9.89,6.16,14.06,5.8,-4.87,15.94,5.79,-4.72,15.66,5.78,-4.49,15.47,68.35,-0.31,-6.41,6.93,0,5.05,11.88,159.5,169.95,14.683743000000002,1.05,96
130,2026-01-17 00:00:00,12.8,10.28,16.41,12.92,7.43,20.45,12.78,7.38,19.71,12.71,7.09,19.36,82.18,9.72,6.04,13.43,0.33,5.86,14.39,187.29,95.89,8.28486,1.41,96
130,2026-01-18 00:00:00,9.91,7.22,12.15,4.07,-1.89,8.02,4.01,-1.54,7.88,3.87,-0.73,7.61,78.44,0.21,-3.82,6.14,0.65,7.21,14.6,293.87,146.35,12.513266999999997,0.92,96
130,2026-01-19 00:00:00,7.9,5.02,11.44,4.36,-2.22,12.78,4.36,-1.92,12.44,4.46,-1.99,12.14,61.34,-3.21,-5.08,-0.14,0,5.25,10.45,301.98,176.44,15.085808999999998,1.03,96
130,2026-01-20 00:00:00,8.7,5.56,12.62,5.87,-1.71,16.01,5.81,-1.72,15.34,5.93,-1.63,14.88,70.74,-0.04,-2.89,3.42,0,2.78,7.74,157.56,166.92,14.422023,1.12,96
130,2026-01-21 00:00:00,9.71,6.75,12.68,9.14,1.06,16.08,9.23,1.46,15.68,9.35,1.72,15.39,65.94,2.69,-1.15,7.25,0,3.54,11.15,97.09,115.84,10.0089,1.27,96
130,2026-01-22 00:00:00,13.61,10.07,17.64,16.28,8.5,24.72,16.22,8.77,24.11,16.26,9.07,24.04,69.9,10.47,5.21,15.37,0,3.2,7.63,149.62,156.19,13.494465,1.66,96
130,2026-01-23 00:00:00,14.49,13.1,16.87,14.28,11.46,20.05,14.2,11.69,19.47,14.14,11.68,19.22,85.39,11.77,9.05,15.3,0.01,3.16,8.89,128.52,68.51,5.919075,1.38,96
130,2026-01-24 00:00:00,14.79,13.09,17.16,14.72,10.44,19.37,14.64,10.69,18.74,14.48,10.86,18.49,86.5,12.33,9.8,14.48,0,4.39,12.51,81.75,79.38,6.858675,1.41,96
130,2026-01-25 00:00:00,15.96,14.67,18.79,16.66,10.93,25.72,16.59,10.71,25.76,16.44,10.53,25.31,91.19,15.1,9.69,21.25,0.87,8.27,21.46,182.76,53.58,4.580757,1.88,96
130,2026-01-26 00:00:00,10.75,6.74,15.4,3.76,-1.47,10.34,3.6,-1.43,9.98,3.35,-1.5,10.03,68.93,-2.08,-8.15,9.08,0,12.45,17.52,331.77,166.63,14.397183000000002,1.19,96
130,2026-01-27 00:00:00,7.17,4.31,10.93,1.02,-4.47,8.49,0.89,-4.43,7.94,0.81,-4.65,7.62,57.15,-7.23,-11.77,-2.28,0,5.5,10.68,301.91,190.29,16.440957,1.07,96
130,2026-01-28 00:00:00,8.02,4.82,12.18,3.82,-3.26,12.88,3.78,-3.06,12.46,3.96,-2.88,12.08,64.15,-3.07,-5.36,0.18,0,3.74,8.51,291.66,186.16,16.084404000000003,1.23,96
130,2026-01-29 00:00:00,8.82,5.2,13.32,5.57,-3.23,16.04,5.48,-2.82,15.15,5.76,-2.89,15.33,67.95,-1.02,-4,4.1,0,1.82,6.2,166.26,167.52,14.474043000000002,1.32,96
130,2026-01-30 00:00:00,8.88,6.53,11.99,6.52,-0.76,16.34,6.57,-0.5,15.24,6.7,-0.33,15.43,79.67,3.04,-1.8,6.02,0,2.35,6.43,170.45,81.92,7.077825,1.39,96
130,2026-01-31 00:00:00,6.58,3.39,9.05,0.83,-4.7,8.09,0.73,-4.62,8.1,0.52,-4.69,8.03,55.7,-7.36,-13.84,2.69,0,14.94,22.11,319.88,124.45,10.752831,1.30,96
121,2026-01-01 00:00:00,13.18,10.14,16.85,8.77,-1.52,20.77,9.22,-0.55,19.64,10,1.75,19.34,64.09,1.59,-1.96,7.35,0,4.24,9.03,263.64,154.63,13.359806999999998,1.11,96
121,2026-01-02 00:00:00,14.33,11.87,17.19,11.93,2.47,21.02,12.17,3.38,20.86,13.06,6.53,20.03,82.81,8.98,2.7,12.91,0,3.21,7.62,217.41,104.51,9.02952,1.31,96
121,2026-01-03 00:00:00,16.09,14.59,17.85,16.66,11.51,23.92,16.76,12,23.77,16.84,13.04,23.35,91.18,15.23,11.22,18.88,0.87,5.2,10.65,206.95,55.31,4.779054000000001,1.49,96
121,2026-01-04 00:00:00,15.55,14.81,16.13,12.93,11.58,15.2,12.88,11.57,15.16,12.86,11.54,15.12,93.18,11.8,10.04,14.51,0.01,3.57,6.83,106.71,28.81,2.489562,1.04,96
121,2026-01-05 00:00:00,15.77,14.42,18.29,13.76,7.95,20.56,13.7,8.61,19.86,13.84,10.15,19.43,89.04,11.82,8.01,14.76,0,2.36,5.42,163.52,87.07,7.523271,1.28,96
121,2026-01-06 00:00:00,16.54,13.61,19.89,16.4,6.88,25.26,16.25,7.18,24.52,16.12,7.56,23.81,86.74,13.74,6.64,18.5,0,3.56,8.31,190.72,129.6,11.197566,1.44,96
121,2026-01-07 00:00:00,19.27,17.46,22.14,20.33,16.87,26.58,20.13,17.34,25.68,20.01,17.4,24.86,87.94,17.9,16.66,20.39,0,4.41,9.55,240.17,127.32,11.00016,1.68,96
121,2026-01-08 00:00:00,20.2,18.73,22.73,19.93,15.61,26.27,19.8,16.34,25.2,20.04,17.6,24.85,89.29,17.85,15.5,20.87,0,2.23,5.28,153.51,107.19,9.261162,1.55,96
121,2026-01-09 00:00:00,20.04,17.64,23.04,20.53,14.65,29.08,20.59,15.22,28.64,20.82,15.95,27.67,84.06,17.49,14.52,20.28,0,4.83,10.42,164.58,142.45,12.307527,1.81,96
121,2026-01-10 00:00:00,20.16,17.79,23.11,20.12,13.71,27.91,20.3,14.57,27.34,20.55,16.26,26.39,83.57,17.06,13.96,20.01,0,4.9,10.86,192.35,151.93,13.127148,1.76,96
121,2026-01-11 00:00:00,19.32,16.13,21.01,15.28,6,19.96,15.35,7.04,19.98,15.49,8.05,19.95,71.75,9.61,-0.17,19.31,0.04,3.85,6.92,291.52,111.95,9.672561,1.31,96
121,2026-01-12 00:00:00,15.38,12.83,18.24,8.02,1.94,16.07,8.1,2.38,15.05,8.18,2.43,14.55,57.68,0.1,-4.16,3.97,0.05,3.69,7.52,51.58,153.14,13.231386,1.03,96
121,2026-01-13 00:00:00,15.86,13.35,18.79,11.49,3.62,19.88,11.36,4.35,18.64,11.43,4.89,18.31,61.88,3.99,-0.98,9.88,0,2.26,4.71,167.01,140.29,12.120777,1.17,96
121,2026-01-14 00:00:00,15.8,15.02,16.83,10.74,7.94,12.59,10.79,8.5,12.48,10.85,9.05,12.27,76.82,6.74,1.82,9.35,0.07,2.57,7.01,256.13,54.96,4.74822,1.02,96
121,2026-01-15 00:00:00,14.42,11.74,16.75,7.06,-3.66,12.18,7.25,-2.17,11.2,7.53,-0.38,11.42,66.72,0.44,-8.28,9.83,0,4.6,10.48,290.18,160.97,13.907655,0.90,96
121,2026-01-16 00:00:00,11.71,8.42,15.65,2.64,-7.36,15.23,3,-6.11,14.21,3.66,-5.46,13.57,60.84,-5.48,-7.41,-1.86,0,2.5,8.57,180.8,172.85,14.933870999999998,0.92,96
121,2026-01-17 00:00:00,12.76,10.73,15.23,11.53,-0.44,20.56,11.84,0.59,20.09,12.13,3.18,19.47,62.67,4.69,-3.23,10.55,0,4.13,10.15,180.8,56.25,4.859631,1.55,96
121,2026-01-18 00:00:00,12.58,9.19,14.21,6.53,-2.35,13.22,6.68,-1.68,13.38,6.75,-1.05,13.39,92.34,5.5,-2.23,11.55,0.92,3.06,7.01,293.76,37.07,3.13605,1.27,96
121,2026-01-19 00:00:00,9.65,6.43,13.62,2.99,-4.81,14.27,3.3,-3.74,13.17,3.89,-3.24,12.6,73.01,-2.19,-4.38,0.6,0,2.16,5.16,280.85,178.43,15.416748000000002,0.97,96
121,2026-01-20 00:00:00,10.14,6.77,14.33,5.34,-3.2,17.02,5.73,-2.26,16.1,6.48,-1.1,15.58,69.98,-0.55,-3.36,1.93,0,2.25,6.55,164.13,172.38,14.893668000000002,1.12,96
121,2026-01-21 00:00:00,11.49,8.53,15.06,9.8,0.61,20.51,10.1,1.54,19.39,10.65,2.39,18.98,67.2,3.55,-0.67,9.23,0,3.13,7.72,101.64,127.88,11.048796,1.40,96
121,2026-01-22 00:00:00,15.14,12.46,19.27,16.35,8.73,26.39,16.36,9.64,25.26,16.8,11.29,25.08,70.3,10.24,8.77,12.49,0,2.76,7.3,136.08,164.6,14.221116,1.71,96
121,2026-01-23 00:00:00,15.83,12.67,19.36,15.87,6.13,27.18,15.93,6.73,25.71,16.35,7.83,25.34,76.97,11.33,6.11,15.16,0,2.27,7.71,191.21,129.73,11.208258000000002,1.71,96
121,2026-01-24 00:00:00,16.64,15.17,18.45,16.05,12.34,21.89,15.95,12.5,21.1,15.88,12.47,20.66,84.76,13.28,11.3,15.26,0,5.97,10.61,66.63,83.54,7.218234000000001,1.53,96
121,2026-01-25 00:00:00,17.36,15.84,18.98,18.55,13.16,25.11,18.48,13.08,24.46,18.36,13.02,23.88,92.29,17.18,12.31,21.61,0.1,9.07,16.29,164.46,56.37,4.870467,1.71,96
121,2026-01-26 00:00:00,16.59,12.03,18.92,10.76,1.36,20.85,10.64,1.58,20.79,10.6,2.05,20.85,75.99,6.2,-7.28,19.84,0.05,5.2,9.04,311.87,116.17,10.036989,1.64,96
121,2026-01-27 00:00:00,11.04,7.86,14.69,1.44,-5.66,11.6,1.6,-4.85,10.57,1.98,-4.28,10.18,53.31,-8.03,-11.04,-3.54,0,2.94,6.17,300.06,188.61,16.295526,1.11,96
121,2026-01-28 00:00:00,10.9,7.57,15.12,3.64,-5.2,15.85,3.96,-4.41,15.38,4.42,-2.89,14.56,62.78,-3.94,-6.96,-0.49,0,2.74,7.52,279.75,182.66,15.782004000000002,1.31,96
121,2026-01-29 00:00:00,11.36,7.6,15.82,5.62,-4.71,18.64,5.91,-3.68,17.61,6.75,-2.83,17.23,66.64,-1.48,-4.6,2.83,0,1.98,5.31,199.95,183.9,15.88887,1.40,96
121,2026-01-30 00:00:00,11.26,8.47,13.74,6.65,-3.45,17.62,6.95,-2.65,16.97,7.34,-1.94,16.37,77.61,2.86,-3.35,8.23,0,1.97,5.05,202.48,85.87,7.419096,1.47,96
121,2026-01-31 00:00:00,11.54,9.03,14.28,3.62,-3.92,10.23,3.63,-3.65,9.41,3.62,-3.57,8.41,65.21,-2.82,-12.41,5.11,0,5.93,12.98,297.27,144.99,12.527055,1.22,96
160,2026-01-01 00:00:00,11.74,10.28,13.35,7.69,-0.67,20.17,7.59,-0.5,19.29,8.48,0.43,19.46,71.71,1.68,-1.76,4.95,0,1.93,6.6,238.26,144.6,12.493188,1.06,96
160,2026-01-02 00:00:00,12.63,11.29,14.15,11.39,2.54,20.24,11.32,2.51,19.51,12.01,4.03,19.49,83.43,8.22,2.26,13.74,0,1.73,3.96,203.85,84.05,7.261803,1.28,96
160,2026-01-03 00:00:00,14.87,13.62,15.92,16.71,12.83,21.69,16.67,13.4,21.44,17.01,14.02,21.37,95.75,15.96,13.15,18.24,1.1,2.46,4.95,199.18,25.2,2.176929,1.26,96
160,2026-01-04 00:00:00,15.25,14.39,16.33,12.96,7.04,18.38,12.73,7.02,17.68,13.03,7.55,17.33,90.25,11.04,6.88,15.59,0.01,2.98,5.9,87.27,89.87,7.764849000000001,1.20,96
160,2026-01-05 00:00:00,14.4,13.63,15.44,11.38,7.4,16.55,11.17,7.42,16.04,11.48,7.95,16.32,93.92,10.15,7.39,12.46,0,1.33,3.05,154.46,49.74,4.297581,1.16,96
160,2026-01-06 00:00:00,14.76,12.93,16.76,15.02,5.78,25.11,14.77,5.76,24.29,14.93,6.25,24.1,89.9,12.82,5.76,17.62,0,2.33,5.88,178.82,124.79,10.781675999999997,1.39,96
160,2026-01-07 00:00:00,17.11,16.26,18.38,19,14.55,25.86,18.91,14.97,24.65,19.3,16.04,25.26,92.31,17.5,14.85,19.24,0,1.81,3.44,223.53,69.86,6.036273,1.43,96
160,2026-01-08 00:00:00,17.44,16.66,18.63,17.6,13.9,23.75,17.44,14.29,22.99,17.87,15.1,23.15,96.5,16.83,14.27,19.2,0,1.45,3.88,154.7,67.49,5.831253,1.35,96
160,2026-01-09 00:00:00,17.71,16.27,19.22,19.68,13.12,27.61,19.56,13.29,26.87,20.07,14.84,26.7,90.76,17.83,13.29,20.42,0,2.87,7.31,172.61,104.23,9.005606999999998,1.61,96
160,2026-01-10 00:00:00,19.25,18.31,20.56,21.6,17.72,27.2,21.35,17.99,26.99,21.53,18.28,26.43,85.45,18.48,15.52,19.45,0,3.43,6.03,191.86,149.06,12.878883000000002,1.84,96
160,2026-01-11 00:00:00,18.21,15.82,19.5,14.35,7.3,19.51,14.18,7.46,19.45,14.47,7.98,19.5,66.56,7.27,-3.44,19.37,0.15,6.06,11.58,304.55,127.9,11.050731,1.32,96
160,2026-01-12 00:00:00,14.21,13.03,15.74,5.72,0.22,12.87,5.56,0.67,12.19,5.92,1.11,11.68,58.77,-2.43,-5.55,1.18,0,3.02,7.12,114.28,137.42,11.872962,0.95,96
160,2026-01-13 00:00:00,12.9,11.27,14.6,6.21,-2.36,18.34,5.95,-2.37,17.29,6.51,-2.09,17.36,68.78,-0.77,-4.29,2.71,0,1.48,4.14,210.31,161.34,13.93974,1.00,96
160,2026-01-14 00:00:00,13.02,12.23,14.17,8.41,2.67,17.38,8.28,2.85,16.21,8.68,3.46,16.09,79.44,4.6,1.51,7.11,0,1.52,4.45,228.55,75.24,6.500853,1.20,96
160,2026-01-15 00:00:00,12.83,11.54,13.71,6.28,-2.75,10.52,6.08,-2.52,10.41,6.5,-1.49,10.72,63.64,-1.22,-8.67,7.94,0,4.42,10.42,304.76,162.87,14.072274000000002,0.87,96
160,2026-01-16 00:00:00,10.89,9.15,12.59,3.25,-5.89,14.24,3.18,-5.84,13.38,3.7,-4.97,13.23,68.8,-3.22,-7.55,1.84,0,2.34,6.39,181.52,163.72,14.145597,0.92,96
160,2026-01-17 00:00:00,11.98,10.71,13.6,11.81,2.89,20.41,11.73,3.35,19.61,12.06,4.49,19.65,69.42,6.02,-3.13,12.44,0.01,3.32,8.45,179.54,88.15,7.615944,1.40,96
160,2026-01-18 00:00:00,11.99,10.15,13.46,4.97,-2.38,11.42,4.76,-2.29,10.52,5,-1.88,11.39,89.8,3.03,-3.68,9.44,0.85,5,10.63,298.24,61.76,5.335785,1.11,96
160,2026-01-19 00:00:00,9.57,7.83,11.43,2.58,-3.91,12.6,2.42,-3.74,11.66,2.94,-3.18,11.54,75.24,-2.6,-5.77,1.67,0.01,2.15,7.32,243.87,170.37,14.566464,0.95,96
160,2026-01-20 00:00:00,9.7,7.97,11.63,4.72,-3.17,15.99,4.54,-3.2,15.26,4.96,-2.66,14.97,74.1,-0.88,-3.45,2.54,0,2.44,8.24,138.51,159.49,13.780359,1.12,96
160,2026-01-21 00:00:00,10.39,8.91,11.88,8.06,-0.54,18.28,8,-0.22,17.33,8.64,1.13,17.33,70.89,2.11,-2.55,6.85,0,1.74,5.87,121.49,98.67,8.524998,1.32,96
160,2026-01-22 00:00:00,12.63,10.78,15.02,14.17,5.86,25.39,14.03,5.97,24.61,14.69,6.53,24.55,75.03,8.98,5.22,12.15,0,1.67,4.8,179.12,159.52,13.782825,1.58,96
160,2026-01-23 00:00:00,13.67,12.29,14.96,14.08,7.22,23.63,14.05,7.37,22.64,14.57,8.14,22.56,86.51,11.5,7.24,14.95,0,1.65,5.05,197.68,80.19,6.928731,1.57,96
160,2026-01-24 00:00:00,14.55,13.79,15.55,15.11,12.34,19.9,14.91,12.47,19.1,15.01,12.71,19.04,87.14,12.71,11.9,14.29,0,4.2,7.12,78.52,74.74,6.45732,1.38,96
160,2026-01-25 00:00:00,15.2,14.34,16.4,16.23,11.75,22.46,16.08,11.57,22.23,16.17,11.67,22.19,96.42,15.49,11.33,20.62,0.51,4.19,8.01,167.95,35.54,3.071043,1.48,96
160,2026-01-26 00:00:00,14.56,12.11,16.08,7.83,0.41,16.21,7.55,0.65,16.16,7.75,1.14,16.38,72.96,2.29,-9.12,16.16,0.1,6.43,12.61,328.84,142.29,12.293865,1.44,96
160,2026-01-27 00:00:00,10.57,8.92,12.02,0.96,-4.23,9.87,0.73,-4.21,8.99,1.02,-3.87,8.78,53.58,-8.54,-11.83,-3.49,0,4.09,8.65,284.92,181.72,15.700670999999998,1.08,96
160,2026-01-28 00:00:00,9.81,8.01,11.8,3.41,-5.06,15.03,3.27,-4.8,14.26,3.9,-4.11,14,67.88,-3.63,-6.53,-0.36,0,2.1,5.47,264.26,174.87,15.108597,1.25,96
160,2026-01-29 00:00:00,10,8.01,12.13,5.34,-3.87,17.23,5.09,-3.99,15.85,5.71,-3.73,16.06,69.94,-1.35,-4.32,2.05,0,1.64,5,178.18,168.32,14.542488,1.34,96
160,2026-01-30 00:00:00,9.84,8.57,10.86,4.28,-2.47,10.43,4.21,-2.27,10.03,4.66,-1.9,10.19,89.35,2.46,-2.55,7.14,0.02,1.41,5.47,185.69,55.04,4.755879000000001,1.15,96
160,2026-01-31 00:00:00,9.13,7.62,9.9,1.59,-4.23,5.1,1.35,-4.47,5.14,1.67,-4.14,5.5,66.38,-4.71,-13.64,3.56,0,6.75,12.51,312.53,112.2,9.694341,1.04,96
480,2026-01-01 00:00:00,17.74,15.79,19.89,8.49,-0.68,20.6,8.9,0.14,20.2,9.66,1.02,19.53,79.85,5.06,-0.58,9.68,0,3,8.04,162,177.66,15.349986,1.00,96
480,2026-01-02 00:00:00,18.07,16.15,20.11,11.72,2.17,22.92,12.31,2.84,22.39,13.23,4.03,21.33,85.35,9.64,2.18,15.33,0,2.63,6.8,164.87,130.71,11.293389,1.27,96
480,2026-01-03 00:00:00,19.49,17.75,21.54,18.81,10.25,25.14,19.31,12,24.61,19.35,14.32,23.95,84.38,16.33,11.62,18.91,0.73,4.76,10.7,179.77,156.01,13.478868000000002,1.50,96
480,2026-01-04 00:00:00,20.59,19.21,22.47,19.07,14.92,26.9,19.44,15.28,27.08,19.28,15.1,26.14,89.4,17.49,14.45,20.5,0.04,2.83,7.84,98.03,136.76,11.816244,1.65,96
480,2026-01-05 00:00:00,20.41,18.89,22.28,16.86,11.04,26.17,17.17,11.69,25.66,17.21,12.53,25.03,89.5,15.25,11.15,19.6,0,2.7,6.49,122.5,148.5,12.830193000000001,1.50,96
480,2026-01-06 00:00:00,20.48,18.51,22.69,17.03,9.3,27.71,17.34,10.05,27.13,17.93,10.62,26.18,84.38,14.22,9.69,19.3,0,2.37,7.4,176.93,176.32,15.233841000000002,1.47,96
480,2026-01-07 00:00:00,21.08,19.58,23.2,17.75,11.63,27.33,18.02,11.97,27.17,18.21,12.37,26.15,85.94,15.15,11.54,21.36,0.01,2.2,5.67,159.42,166.62,14.395761,1.56,96
480,2026-01-08 00:00:00,21.34,19.59,23.33,18.71,11.54,29.07,19.02,11.99,29.09,19.13,12.54,28.35,85.79,16.18,11.64,20.39,0,2.05,6.43,125.84,151.09,13.054122,1.64,96
480,2026-01-09 00:00:00,22.02,20.43,23.89,20.58,14.76,29.62,20.99,16.2,28.77,21.12,17.14,28.11,86.96,18.47,15.68,22.06,0,2.74,7.69,129.77,148.9,12.865221,1.80,96
480,2026-01-10 00:00:00,22.13,20.32,24.27,19.28,12.58,29.27,19.73,13.65,28.66,20.23,14.65,27.69,84.05,16.53,13.29,21.05,0,2.88,8.66,135.75,180.08,15.558624000000002,1.74,96
480,2026-01-11 00:00:00,22.22,20.49,24.03,19.1,12.25,28.41,19.47,13.12,27.85,19.35,13.72,27.02,86.69,16.97,12.72,21.32,0,3.89,10.36,193.2,147.3,12.727008000000001,1.71,96
480,2026-01-12 00:00:00,21.41,19.72,22.81,16.66,9.74,24.74,16.95,10.24,24.25,16.53,9.89,23.46,70.55,11.43,5.88,15.88,0.02,6.81,11.3,31.42,155.94,13.473,1.56,96
480,2026-01-13 00:00:00,21.19,20.21,22.21,16.66,12.97,23.58,16.91,13.35,23.21,16.49,12.95,22.78,85.81,14.43,12.24,17.6,0,4.56,7.59,143.59,86.52,7.475211,1.47,96
480,2026-01-14 00:00:00,21.17,19.96,22.59,16.41,11.96,22.28,16.74,12.58,22.17,16.82,13.68,20.92,85.15,14.05,11.99,16.65,0,3.13,9.22,238.8,143.54,12.402009,1.46,96
480,2026-01-15 00:00:00,19.45,17.04,21.27,12.76,1.69,16.66,13.16,2.13,16.97,13.16,3.31,16.7,83.65,10.27,1.22,16.47,0.51,5.47,15.29,238.71,68.1,5.883633,1.35,96
480,2026-01-16 00:00:00,16.33,14.52,18.23,6.18,-1.97,17.41,6.59,-1.42,16.76,7.34,0.01,16.28,68.61,0.03,-2.86,3.21,0,2.7,7.03,88.39,198.15,17.120583,0.95,96
480,2026-01-17 00:00:00,16.96,14.68,19.74,13.23,0.34,25.92,13.6,0.76,25.39,14.01,2.82,24.29,76.15,8.82,-0.38,14.05,0,3.12,7.46,129.76,189.27,16.352505,1.33,96
480,2026-01-18 00:00:00,17.81,16.85,18.78,12.2,4.87,24.91,12.66,6.13,25.07,12.97,7.03,24.06,87.09,10.48,4.58,20.4,0,5.62,18.05,221.74,96.05,8.298783,1.73,96
480,2026-01-19 00:00:00,16.12,14.45,17.77,6.45,-1.72,16.7,7.13,-0.61,16.46,7.85,1.21,15.86,68.94,0.49,-2.72,4,0,5.13,12.17,97.67,203.17,17.553645,1.12,96
480,2026-01-20 00:00:00,15.99,14.07,18.07,11.46,2.77,21.3,11.8,3.5,21.04,11.45,3.4,20.3,61.25,3.77,-0.34,8.44,0,7.11,11.54,38.08,198.63,17.162019,1.44,96
480,2026-01-21 00:00:00,17.38,15.52,19.52,15.91,8.31,25.52,16.27,8.88,25.01,15.93,8.63,24.07,70.23,10.39,6.71,13.35,0,6.13,10.26,53.45,172.91,14.939487,1.75,96
480,2026-01-22 00:00:00,19.12,17.26,21.47,18.3,11.79,28.33,18.62,12.48,27.62,18.45,12.65,26.69,79.55,14.76,11.53,19.29,0,3.98,7.42,109.71,161.43,13.947579,1.93,96
480,2026-01-23 00:00:00,20.72,18.72,23.2,20.14,13.44,29.38,20.43,14.51,28.87,20.22,14.87,27.35,83.55,17.28,13.88,20.49,0,3.49,7.54,124.26,186.05,16.074387,2.14,96
480,2026-01-24 00:00:00,21.4,19.74,23.1,20.69,13.6,29.05,21.1,14.79,28.84,21.08,15.31,28.29,83.73,17.95,14.21,21.45,0,3.27,8.26,113.33,143.12,12.365244,2.04,96
480,2026-01-25 00:00:00,22.12,20.52,23.84,22.43,16.98,28.23,22.79,18.01,28.12,22.44,18.17,27.26,88.35,20.63,17.56,22.68,0,6.45,14.87,158.31,166.18,14.358249000000002,2.32,96
480,2026-01-26 00:00:00,22.4,20.73,23.09,18.2,9.04,23.16,18.54,9.69,23.98,18.16,9.44,23.43,87.12,16.32,4.63,22.74,0.01,7.69,12.75,260.36,129.1,11.154627,1.87,96
480,2026-01-27 00:00:00,18.93,17.41,20.64,6.43,-1.87,14.57,6.8,-0.79,14.36,7.05,1.64,13.55,52.35,-3.33,-7.69,2.69,0,6.99,13.79,93.55,212.03,18.319248000000005,1.35,96
480,2026-01-28 00:00:00,16.87,15.03,18.7,5.27,-5.95,17.13,5.76,-5.02,16.73,6.22,-2.8,15.79,66.81,-1.54,-7.15,3.83,0,5.2,14.86,189.29,203.99,17.624538,1.41,96
480,2026-01-29 00:00:00,16.35,14.1,18.87,6.28,-4.67,21.43,7.11,-3.06,20.84,8.24,-1.19,20.15,69.85,-0.17,-6.29,5.79,0,3.57,10.23,128.58,213.58,18.453474,1.55,96
480,2026-01-30 00:00:00,17.44,15.39,20.15,12.07,0.21,24.09,12.47,1.18,23.21,13.13,3.68,22.02,74.39,7.12,0.24,10.8,0,2.75,7.13,214.6,188.3,16.268958,1.72,96
480,2026-01-31 00:00:00,17.65,15.81,18.37,11.2,4.52,14.92,11.74,5.16,15.45,11.67,4.87,15.14,80.63,8.42,-3.06,14.1,0.05,7.14,16.4,301.32,38.81,3.352914,1.40,96
280,2026-01-01 00:00:00,14.99,12.93,17.17,8.55,0.9,17.91,8.77,1.37,17.98,9.47,1.51,19.46,68.86,2.55,-0.34,6.34,0,1.03,2.37,260.68,61.12,5.28066,1.28,96
280,2026-01-02 00:00:00,15.75,13.84,17.89,12.95,5.84,20.94,13.04,6.55,20.22,13.25,6.79,20.84,81.92,9.85,4.55,13.72,0,0.84,1.98,264.25,65.16,5.629617,1.31,96
280,2026-01-03 00:00:00,17.46,15.65,19.51,17.41,10.94,23.9,17.24,11.95,23.37,17.25,12.68,23.63,84.4,14.49,10.54,17.53,0.53,1.64,3.43,222.3,80.65,6.967790999999999,1.39,96
280,2026-01-04 00:00:00,16.97,16.34,18,14.68,12.44,15.98,14.59,12.8,15.74,14.44,12.97,15.37,91.17,13.15,11.32,14.53,0,2.36,6.39,106.65,30.85,2.665872,1.02,96
280,2026-01-05 00:00:00,16.88,15.85,18.48,15.32,12.96,20.79,15.32,12.77,21.1,15.43,12.61,22.67,89.27,13.5,11.88,16.32,0,1.69,4.9,141.75,39.6,3.4216020000000005,1.27,96
280,2026-01-06 00:00:00,17.8,15.62,20.57,17.43,11.24,24.66,17.49,11.68,24.77,17.93,12.18,25.82,85.06,14.78,10.63,18.31,0,0.89,2.84,250,70.6,6.099768,1.45,96
280,2026-01-07 00:00:00,18.56,17.18,20.35,18.31,13.91,23.97,18.53,14.45,24.25,18.95,15.02,26.02,87.74,16.37,13.4,19.46,0,0.77,3.13,246.49,41.19,3.55851,1.35,96
280,2026-01-08 00:00:00,19.35,17.76,21.59,19.57,15.27,26.04,19.51,15.41,25.78,19.7,15.7,25.82,83.25,16.38,14.28,18.57,0.03,2.45,4.75,97.54,64.67,5.587083,1.48,96
280,2026-01-09 00:00:00,20.03,18.17,22.31,20.88,15.94,27.86,20.95,16,28.12,21.38,17.36,27.55,83.04,17.78,14.97,20.2,0,2.97,5.99,81.41,56.47,4.878756,1.57,96
280,2026-01-10 00:00:00,20.5,18.41,22.87,20.09,13.95,27.74,20.19,14.1,27.61,20.59,15.75,27.83,81.74,16.75,13.07,20.59,0,1.28,3.84,198.52,75.8,6.549237000000001,1.58,96
280,2026-01-11 00:00:00,19.51,18.09,20.43,16.43,8.82,20.76,16.4,9.17,20.43,16.52,9.39,20.2,82.33,13.24,3.92,19.4,0,1.14,2.43,224.94,36.98,3.195261,1.34,96
280,2026-01-12 00:00:00,17.4,15.34,19.29,11.35,5.45,18.21,11.13,5.38,17.88,10.88,5.25,17.47,71.56,6.12,0.62,11.02,0,3.33,62.26,120.06,73.89,6.383915999999999,1.29,96
280,2026-01-13 00:00:00,17.97,16.21,19.94,14.85,8.53,22.45,14.61,8.59,21.74,14.51,8.35,22.67,78.53,10.83,6.36,15.48,0,2.11,5.65,100.34,66.25,5.723631,1.41,96
280,2026-01-14 00:00:00,18.04,17.27,18.99,14.28,10.33,18.16,14.08,10.56,17.36,14.04,11.13,17.36,84.17,11.35,9.3,12.75,0.02,1.3,4.8,219.59,56.52,4.882923,1.18,96
280,2026-01-15 00:00:00,17.17,15.27,19.45,10.77,1.68,14.54,10.7,2.16,14.09,10.87,3.12,13.99,74.05,5.86,-3.26,12.33,0.19,1.6,4.03,255.05,60.81,5.254415999999999,1.15,96
280,2026-01-16 00:00:00,14.1,11.87,16.52,5.24,-2.28,12.94,5.41,-1.87,13.01,5.61,-1.06,14.15,57.21,-3.41,-7.32,1.66,0,1.78,5.03,193.93,79.57,6.80346,1.11,96
280,2026-01-17 00:00:00,14.42,11.64,17.59,12.81,1.14,22.2,12.98,1.37,22.12,13.34,2.26,22.79,71.96,7.62,-0.65,12.25,0,2.63,8.75,149.83,76.82,6.636861,1.54,96
280,2026-01-18 00:00:00,15.17,13.35,16.02,10.49,2.04,16.63,10.37,2.04,16.23,10.3,2.03,16.36,86.13,8.14,0.31,13.58,0.06,1.37,4.18,223.9,23.59,2.038032,1.34,96
280,2026-01-19 00:00:00,12.94,10.49,15.72,5.57,-0.51,12.31,5.6,-0.24,12.54,5.87,-0.52,14.25,68.37,-0.66,-3.63,1.88,0,1.11,3.07,257.71,92.86,8.023383,1.09,96
280,2026-01-20 00:00:00,12.92,10.37,15.84,8.28,0.91,17.34,8.31,1.14,17.2,8.34,1.05,17.15,61.09,0.26,-2.7,3.34,0,2.93,7.64,126.75,98.82,8.53803,1.32,96
280,2026-01-21 00:00:00,14.43,11.62,17.61,13.79,5.74,21.56,13.63,6.18,21.26,13.42,6.23,20.49,70.46,8.18,2.86,12.29,0,3.77,8.07,71.38,104.45,9.02421,1.52,96
280,2026-01-22 00:00:00,16.46,14.38,18.98,16.09,10.22,23.89,16.15,10.59,23.99,16.33,10.97,24.44,80.61,12.58,9.13,16.14,0,2.55,56.96,91.95,80.38,6.945057,1.60,96
280,2026-01-23 00:00:00,17.81,15.27,20.88,17.86,11.46,25.52,17.91,11.57,25.28,18.17,11.53,25.22,78.76,13.84,10.61,16.95,0,2.05,5.95,144.25,97.4,8.415693000000001,1.68,96
280,2026-01-24 00:00:00,18.03,16.68,19.34,17.4,12.49,23.29,17.3,12.6,23.11,17.21,13.12,23.07,86.06,14.88,11.55,17.97,0,3.57,8.12,78.35,65.7,5.676552,1.55,96
280,2026-01-25 00:00:00,19.32,17.54,21.81,21.13,15.58,28.37,21,15.46,28.29,20.94,15.29,28.65,83.48,17.86,14.3,21.22,0,3.3,6.06,162,71.88,6.210135,1.78,96
280,2026-01-26 00:00:00,20.3,18.15,22.49,17.1,4.98,22.15,16.97,4.91,22.31,17.14,5.03,22.28,75.9,12.54,-4.13,20.04,0.07,1.97,2.84,255.54,78.91,6.817842,1.63,96
280,2026-01-27 00:00:00,15.92,13.61,18.01,4.32,-1.21,9.8,4.27,-1.2,9.95,4.25,-1.4,10.73,50.09,-5.6,-8.23,-0.4,0,2.55,63.37,193.48,120.74,10.431765,1.13,96
280,2026-01-28 00:00:00,14.31,12,16.96,6.13,-0.56,14.31,6.22,-0.31,14.61,6.45,-0.28,16.06,53.17,-3.41,-6.11,0.75,0,1.22,2.37,254.75,108.25,9.352575,1.31,96
280,2026-01-29 00:00:00,14.33,11.57,17.45,8.8,-1.51,17.15,8.81,-0.86,17.29,8.93,-0.41,18.4,61.8,0.71,-2.65,5.28,0,3.05,21.01,141.63,120.35,10.398249000000002,1.48,96
280,2026-01-30 00:00:00,15.59,12.75,18.67,12,2.28,20.28,11.86,2.7,20.42,11.96,2.86,21.38,70.55,6.18,0.98,10.14,0,1.09,4,240.13,121.98,10.53918,1.58,96
280,2026-01-31 00:00:00,16.09,14.59,17.63,8.43,-1.01,13.55,8.27,-1.13,13.08,8.12,-1.62,13.3,66.31,2.29,-10.2,7.45,0,1.97,4.73,262.39,62.05,5.360832,1.30,96
303,2026-01-01 00:00:00,16.34,14.28,18.72,7.64,-1.06,19.61,8.31,-0.54,19.48,8.88,-0.01,18.36,67.6,0.82,-1.73,7.32,0,4.24,13.78,249.39,170.11,14.697144,1.04,96
303,2026-01-02 00:00:00,16.78,14.73,18.97,11.75,2.7,22.38,12.48,3.78,22.15,13.22,5.22,21.25,80.71,8.71,3.24,13.06,0,2.91,9.58,193.65,126.68,10.945089,1.28,96
303,2026-01-03 00:00:00,18.15,16.69,19.89,17.39,11.6,24.4,17.58,13.2,24.54,17.48,13.4,23.68,87.61,15.32,12.27,17.71,0.36,5.26,13.25,196.69,106.32,9.186056999999998,1.52,96
303,2026-01-04 00:00:00,18.22,17.22,19.06,14.87,11.29,18.11,15.06,11.72,18.07,15.12,12.27,17.47,93.25,13.95,11.46,16.57,0.01,3.99,7.78,65.63,66.69,5.761854000000001,1.20,96
303,2026-01-05 00:00:00,18.75,17.48,21.05,16.11,12.06,24.46,16.22,12.9,24.26,16.3,13.37,23.72,90.42,14.45,12.44,17.94,0,2.79,5.77,108.53,115.63,9.990189,1.47,96
303,2026-01-06 00:00:00,19.25,16.91,21.98,17.14,9.42,27.6,17.63,10.17,27.45,18.17,10.91,26.53,81.9,13.9,9.93,19.25,0,2.97,9.06,204.49,158.14,13.663278,1.53,96
303,2026-01-07 00:00:00,19.87,18.26,22.19,17.55,11.06,27.51,17.96,12.02,27.26,18.5,13.17,26.38,87.45,15.51,11.56,20.61,0,2.54,6.64,212.31,114.11,9.756711,1.60,96
303,2026-01-08 00:00:00,20.85,19.13,23.41,19.87,13.54,28.27,20.08,14.26,27.78,20.21,14.51,26.88,81.74,16.36,13.62,20.22,0.03,2.84,6.33,118.69,149.56,12.921903,1.69,96
303,2026-01-09 00:00:00,21.47,19.48,23.68,20.92,13.63,28.68,21.33,14.46,28.77,21.81,15.89,28,80.96,17.55,14.04,21.45,0,3.72,8.54,116.45,143.67,12.412809,1.77,96
303,2026-01-10 00:00:00,21.85,20.03,23.95,20.04,13.45,29.23,20.46,14.01,29.1,20.82,14.71,28.13,80.72,16.54,13.53,22.2,0,3.21,8.75,179.93,137.99,11.922191999999999,1.75,96
303,2026-01-11 00:00:00,21.08,19.68,22.23,17.01,12.31,25.84,17.38,12.52,25.4,17.65,12.82,24.36,82.08,14.02,2.56,20.68,0.08,5.13,12.28,212.07,113.56,9.811296,1.60,96
303,2026-01-12 00:00:00,18.51,16.75,20.01,12.27,6.58,18.86,12.36,6.96,18.94,12.17,7.16,17.73,71.38,7.23,1.88,12,0,6.8,10.25,127.98,138.14,11.935062,1.30,96
303,2026-01-13 00:00:00,19.33,17.56,21.48,16.24,10.69,23.85,16.24,11.05,23.51,16.04,11.04,23.14,80.3,12.67,9.47,15.61,0,4.29,7.47,52.93,126.38,10.919600999999998,1.50,96
303,2026-01-14 00:00:00,19.31,18.58,20.11,14.68,11.76,18.57,14.84,12.21,18.68,14.8,12.72,17.73,84.54,12.06,9.75,14.22,0.03,4.86,14.67,215.67,80.32,6.940008,1.27,96
303,2026-01-15 00:00:00,17.58,15.21,18.59,10.95,2.85,15.43,11.1,3.51,14.87,11.06,4.43,14.03,69.83,4.97,-6.62,13.14,0.29,10.07,24.67,271.01,141.16,12.196035,1.18,96
303,2026-01-16 00:00:00,14.7,12.22,17.53,4.69,-3.16,15.65,5.31,-2.42,15.34,5.71,-1.79,14.88,63.39,-2.83,-8.9,2.67,0,2.64,5.69,155.56,189.36,16.36038,0.93,96
303,2026-01-17 00:00:00,15.3,12.66,18.68,10.97,-0.42,24.38,11.62,0.66,23.91,12.3,1.54,23.34,75.82,6.53,-0.05,10.76,0,2.92,6.96,142.04,165.2,14.273216999999999,1.35,96
303,2026-01-18 00:00:00,16.3,14.89,17.3,11.11,4.23,22.92,11.28,4.41,23.17,11.37,4.6,22.03,88.24,9.36,2.55,17.48,0.07,5.71,22.67,243.37,61.58,5.320917,1.72,96
303,2026-01-19 00:00:00,14.17,11.96,16.69,5.49,-0.76,14.85,6.08,0.8,14.7,6.27,1.27,13.9,67.4,-1.07,-4.83,2.36,0,4.7,10.06,286.31,190.53,16.462107,1.09,96
303,2026-01-20 00:00:00,13.86,11.32,16.79,7.78,-2.74,17.88,8.43,-1.48,17.93,8.77,-0.13,17.05,62.86,0.37,-4.27,5.46,0,5.11,10.06,105.29,188.16,16.25679,1.23,96
303,2026-01-21 00:00:00,15.46,13.05,18.31,14.7,8.02,22.31,14.94,8.85,22.52,14.76,9.13,21.44,66.91,8.61,4.38,11.86,0,5.6,9.41,47.35,164.09,14.177061,1.63,96
303,2026-01-22 00:00:00,17.73,15.54,20.46,17.25,10.69,25.11,17.47,11.56,24.59,17.44,12.12,23.84,80.06,13.64,10.72,15.88,0,4,7.33,57.28,156.73,13.541724000000002,1.76,96
303,2026-01-23 00:00:00,19.1,16.69,22.09,17.58,10.15,27.44,18.01,10.92,27.3,18.55,12.28,26.01,79.02,13.68,10.56,18.4,0,2.52,6.76,122.48,176.35,15.236306999999998,1.87,96
303,2026-01-24 00:00:00,19.74,17.79,22.11,17.87,11,25.73,18.13,11.88,25.78,18.2,12.87,24.75,85.85,15.52,11.22,18.32,0,4.31,8.08,70.85,149.91,12.951999000000002,1.88,96
303,2026-01-25 00:00:00,21.15,19.56,23.27,22.23,16.12,29.7,22.25,16.17,30.29,22.01,16.1,29.05,82.76,18.77,15.81,23.12,0,6.1,11.56,156.47,134.55,11.624769,2.21,96
303,2026-01-26 00:00:00,21.22,18.47,22.23,17.29,6.28,22.5,17.26,6.52,22.66,17.11,6.7,22.69,77.78,13.11,-4.94,21.27,0.12,10,16.76,268.97,146.47,12.655125,1.87,96
303,2026-01-27 00:00:00,16.6,14.31,18.83,4.07,-1.01,11.91,4.37,-0.16,11.47,4.38,0.03,11.24,50.96,-5.82,-9.21,-0.14,0,4.81,12.19,214.76,202.26,17.475453,1.21,96
303,2026-01-28 00:00:00,15.17,12.76,18.1,5.47,-2.6,16.55,6.11,-1.64,16.45,6.26,-0.92,15.45,58.01,-3.93,-12.8,0.36,0,5.04,10.59,273.22,199.97,17.277066000000005,1.42,96
303,2026-01-29 00:00:00,15.08,12.24,18.42,7.52,-2.33,19.05,8.19,-1.57,18.81,8.5,-0.58,17.89,67.31,0.9,-2.15,6.14,0,3.24,7.59,150.33,203.73,17.602326,1.49,96
303,2026-01-30 00:00:00,16.14,13.3,19.26,11.83,0.55,22.74,12.28,1.44,22.85,12.5,2.73,21.57,67.89,5.28,0.99,9.31,0,3.72,9.46,264.23,187.36,16.188263999999997,1.75,96
303,2026-01-31 00:00:00,16.39,14.26,17.71,8.33,-1.77,13.68,8.41,-1.6,13.23,8.4,-1.59,13.52,64.65,1.97,-11.71,9.4,0,12.09,26.49,288.8,63.37,5.475123,1.52,96
455,2026-01-01 00:00:00,16.98,15.78,18.06,7.33,-1.92,20.44,7.73,-0.87,19.21,8.49,0.05,18.87,70.84,1.61,-1.87,6.24,0,2.33,7.28,246.65,169.95,14.683625999999999,0.97,96
455,2026-01-02 00:00:00,17.11,15.81,18.48,10.81,1.15,23.01,11.09,2.08,21.78,11.78,2.88,21.27,78.97,7.09,1.17,11.74,0,2.35,7.74,213.83,148.51,12.831237,1.16,96
455,2026-01-03 00:00:00,17.98,16.7,19.32,16.76,6.71,25.9,16.98,8.05,24.7,17.6,10.05,24.36,77.82,12.67,7.13,15.77,0,4.1,10.05,209.97,140.8,12.165534,1.42,96
455,2026-01-04 00:00:00,19.64,18.84,20.82,18.52,11.22,26.57,18.28,12.28,25.23,18.47,13.37,25.01,84.02,15.29,11.21,17.71,0.06,3.13,6.81,140.29,120.6,10.420011,1.51,96
455,2026-01-05 00:00:00,19.83,18.81,21.17,17.14,11.16,27.55,17.12,11.8,26.52,17.55,12.65,26,86.01,14.49,10.85,18.5,0,2.16,4.63,99.32,127.18,10.988118000000002,1.53,96
455,2026-01-06 00:00:00,20.04,18.8,21.42,18.31,10.96,29.04,18.33,11.55,27.89,18.95,11.93,27.28,78.86,14.01,10.84,19.33,0,2.33,7.03,157.96,162.78,13.9176,1.57,96
455,2026-01-07 00:00:00,20.15,18.88,21.42,18.38,10.18,29.82,18.51,11.03,28.44,19.47,11.81,27.95,80.17,14.54,10.24,17.69,0,2.19,6.82,206.7,154.66,13.362291,1.58,96
455,2026-01-08 00:00:00,20.47,19.05,21.93,19.49,11.28,29.43,19.49,11.72,28.13,20.01,12.24,27.68,81.38,15.83,11.01,20.15,0,2.62,7.55,112.82,154.65,13.22271,1.62,96
455,2026-01-09 00:00:00,20.79,19.81,21.74,19.63,13.09,29.13,20.05,14.54,28.1,21.06,16.52,27.56,80.68,16.26,13.73,20.31,0,2.98,7.39,100.52,118.65,10.144953,1.69,96
455,2026-01-10 00:00:00,20.85,19.76,22.07,20.17,13.02,29.29,20.38,13.99,28.41,21.03,14.92,27.9,79.41,16.29,13.12,20.09,0,3.28,9.5,139.04,163.82,14.154363,1.75,96
455,2026-01-11 00:00:00,21.07,20.02,22.05,20.72,13.23,30.65,20.63,14.24,29.14,20.96,15.27,28.24,78.6,16.38,12.29,19.07,0,3.21,11.09,196.7,131.08,11.325041999999998,1.76,96
455,2026-01-12 00:00:00,20.81,20.11,21.62,17.4,11.34,23.04,17.24,11.31,22.71,17.32,11.45,22.34,70.49,11.75,6.61,15.18,0,3.47,7.17,96.63,69.54,6.007923,1.44,96
455,2026-01-13 00:00:00,20.54,19.75,21.29,18.33,13.01,25.85,18.21,12.98,24.7,18.34,13.14,24.4,80.64,14.58,11.7,16.49,0,3.07,6.45,87.41,90.09,7.784109000000001,1.52,96
455,2026-01-14 00:00:00,20.63,20.31,21.19,17.89,11.79,24.48,17.87,12.75,23.5,18.06,13.69,23.07,77.68,13.57,9.82,16.39,0,5.17,16.82,246.26,116.49,10.065078,1.53,96
455,2026-01-15 00:00:00,19.52,17.73,20.29,12.8,0.04,17.76,12.86,1.08,17.05,13.23,2.81,17.16,77.12,8.72,-0.78,14.89,0.29,5.38,15.68,282.39,68.65,5.931657,1.37,96
455,2026-01-16 00:00:00,16.83,15.08,18.37,7.66,-3.41,20.48,7.76,-2.63,19.01,8.77,-1.47,19.47,72.4,2.34,-3.69,8.25,0,2.09,4.09,160.9,187.86,16.231104000000002,1.02,96
455,2026-01-17 00:00:00,18.14,16.87,19.92,15.95,8.66,26.11,15.96,9.24,24.97,16.42,9.64,24.01,77,11.54,8.12,15.19,0,3.32,9.49,122.73,140.81,12.166047,1.57,96
455,2026-01-18 00:00:00,19.11,18.45,20.02,16.59,7.06,28.81,16.55,7.36,27.71,16.99,7.51,27.11,80.16,12.88,5.32,20.06,0,5.77,20.41,245.07,101.96,8.717750999999998,1.85,96
455,2026-01-19 00:00:00,17.75,16.5,18.81,8.24,1.62,17.92,8.26,1.91,16.66,8.7,2.15,16.43,68.05,1.79,-3.18,5.49,0,3.35,6.38,162.24,190.79,16.483833,1.14,96
455,2026-01-20 00:00:00,17.12,15.58,18.65,12.34,2.68,21.93,12.14,3.22,21.15,12.21,3.76,20.52,65.35,5.7,-1.95,11.82,0,4.37,7.68,43.06,179.5,15.508629000000003,1.40,96
455,2026-01-21 00:00:00,17.9,16.71,19.19,15.78,8.16,24.38,15.72,8.62,23.7,15.94,8.99,23.12,73.32,10.58,6.78,14.13,0,4.14,9.65,61.55,145.35,12.557943000000002,1.64,96
455,2026-01-22 00:00:00,19.3,18.06,20.91,20.11,13.88,29.43,19.85,14.08,28.37,19.96,14.47,27.7,78.49,15.7,12.13,19.1,0,2.97,6.68,51.62,136.87,11.82573,1.93,96
455,2026-01-23 00:00:00,20.45,19.31,21.85,20.82,14.43,30.19,20.64,15.29,28.66,20.87,15.92,28.36,80.05,16.68,14.31,20.04,0,2.45,5.75,81.44,142.97,12.352239,2.00,96
455,2026-01-24 00:00:00,20.77,19.61,21.94,20.19,13.52,29.24,20.15,14.23,28.07,20.53,14.82,27.38,81.9,16.67,13.47,20.28,0,3.08,9.4,105.12,137.35,11.866716,1.97,96
455,2026-01-25 00:00:00,21.2,20.07,22.4,22.72,14.75,30.39,22.77,15.97,29.38,23.09,16.94,28.98,78.57,18.51,14.92,20.84,0,5.93,14.06,162.77,173.75,15.011829000000002,2.32,96
455,2026-01-26 00:00:00,21.69,20.69,22.6,21.05,10.28,28.7,20.89,10.34,27.96,20.94,10.4,27.17,79.91,17.1,5.08,22.01,0.26,7.93,15.29,264.65,125.55,10.84788,2.10,96
455,2026-01-27 00:00:00,18.56,17.03,20.62,8.19,1.01,16.52,8.07,1.97,15.63,8.37,2.91,15.08,55.93,-0.7,-5.53,4.17,0,3.82,7.35,119.67,198.01,17.108325,1.37,96
455,2026-01-28 00:00:00,16.98,15.45,18.54,8.49,1.05,19.57,8.63,2.11,18.56,9.12,2.67,18.11,50.55,-2.38,-5.68,0.8,0,3.32,6.17,123.39,186.23,16.090083,1.51,96
455,2026-01-29 00:00:00,16.65,14.69,18.5,10.07,-3.79,22.67,10.13,-2.52,21.47,10.54,-1.16,21.2,64.89,2.77,-3.69,7.93,0,3.04,6.28,118.47,200.28,17.304579,1.58,96
455,2026-01-30 00:00:00,17.71,16.61,19.23,14.27,6.02,24.64,14.33,7.26,23.18,14.75,8.45,22.51,76.87,9.89,5.77,12.59,0,2.7,9.09,159.67,123.67,10.685016,1.77,96
455,2026-01-31 00:00:00,17.54,16.49,18.21,10.92,2.03,15.73,10.92,2.14,15.03,11.2,2.36,14.98,76.51,6.82,-6.37,11.19,0.01,6.55,17.84,273.33,44.03,3.8040209999999997,1.45,96
380,2026-01-01 00:00:00,15.13,13.79,16.45,8.21,-1.66,20.24,8.3,-1.05,19.26,8.9,-0.34,18.14,72.91,2.78,-1.9,8.54,0,2.83,8.41,217.8,182.85,15.797943,0.93,96
380,2026-01-02 00:00:00,15.56,13.98,17.25,11.92,1.54,24.2,12.1,2.12,23.32,12.61,3.43,21.74,78.98,7.88,1.42,13.79,0,2.5,6.97,223.41,161.79,13.978323,1.17,96
380,2026-01-03 00:00:00,16.99,15.66,18.5,18.47,10.62,26.53,18.41,11.79,25.98,17.76,12.14,23.85,81.8,14.79,11.21,17.9,0.19,5.19,13.02,214.11,151.66,12.96684,1.57,96
380,2026-01-04 00:00:00,19.14,18.33,20.52,19.03,12.75,25.21,18.87,13.34,24.68,18.18,13.27,22.73,89.54,16.97,12.58,20.02,0.01,2.75,5.86,117.67,135.54,11.710404,1.49,96
380,2026-01-05 00:00:00,18.68,17.53,20,16.65,9.91,26.06,16.71,10.63,25.54,16.44,11.23,23.76,88.45,14.55,10.37,19.15,0,2.06,4.99,105.99,120.59,10.419327,1.48,96
380,2026-01-06 00:00:00,18.74,17.19,20.52,17.89,9.82,29.45,17.92,10.14,28.32,17.9,10.53,26.82,80.21,13.75,9.94,19.22,0.04,2.37,5.72,196.15,174.69,15.093297,1.52,96
380,2026-01-07 00:00:00,19.02,17.53,20.81,17.67,10.06,29.13,17.72,10.77,28.47,17.79,12.1,26.7,79.93,13.29,10.49,20.13,0,1.96,5.03,232.47,160.39,13.857354,1.56,96
380,2026-01-08 00:00:00,19.44,18.02,21.01,19.8,11.84,30.1,19.82,12.38,29.03,19.32,12.55,26.97,78.94,15.41,11.74,19.51,0,3.24,8.14,149.61,151.13,13.057866,1.69,96
380,2026-01-09 00:00:00,19.97,18.92,21.05,21.32,15.45,29.27,21.41,15.86,28.82,20.88,16.06,27.09,81.64,17.69,15.78,21.53,0,4.39,8.38,128.78,112.79,9.744759,1.77,96
380,2026-01-10 00:00:00,20.16,18.84,21.71,20.49,14.49,30.18,20.61,15.02,29.88,20.38,15.23,27.55,79.75,16.32,13.65,20.91,0,3.79,10.6,169.4,165.92,14.33547,1.87,96
380,2026-01-11 00:00:00,20.17,18.8,21.39,19.48,12.44,29.28,19.45,12.83,29,18.98,13.39,26.73,83.14,16.18,12.18,20.28,0,3.61,10.65,172.19,131.29,11.343321,1.74,96
380,2026-01-12 00:00:00,19.45,18.02,20.52,16.54,8.96,25.18,16.36,9.15,24.28,15.63,9.05,22.57,70.32,10.75,5.13,14.65,0,4.26,8.16,58.55,167.26,14.451102,1.46,96
380,2026-01-13 00:00:00,19.38,18.29,20.51,17.81,12.42,25.28,17.64,12.34,24.56,16.84,12.01,23.28,81.79,14.24,11.45,17.22,0,4.17,9.58,159.53,109.52,9.462834,1.55,96
380,2026-01-14 00:00:00,19.55,18.8,20.42,17.31,13.4,23.2,17.18,13.44,22.26,16.6,14.02,21.12,79.32,13.27,9.49,15.11,0,4.35,11.04,288.19,135.99,11.749527,1.49,96
380,2026-01-15 00:00:00,18.32,15.76,19.54,12.35,1.04,16.43,12.35,1.74,16.36,12.14,2.95,16.06,80.86,8.9,-0.01,15.83,0.39,6.05,17.06,279.39,68.48,5.916852,1.35,96
380,2026-01-16 00:00:00,14.52,12.69,16.17,6.46,-3.23,18.03,6.52,-2.79,17.06,6.84,-1.92,16.17,61.67,-2.09,-7.14,0.81,0,2.04,6.57,110.46,203.33,17.568072,0.91,96
380,2026-01-17 00:00:00,14.92,12.84,17.44,13.92,1.77,26.66,14.04,2.09,25.92,14.18,4.28,24.27,71.02,7.97,-0.02,12.16,0,3.36,8.21,164.25,192.37,16.620525,1.36,96
380,2026-01-18 00:00:00,16.06,15.14,17.04,12.61,4.36,26.84,12.62,4.8,26.19,12.54,5.62,24.64,83.6,9.77,3.48,19.04,0,5.64,21.63,219.62,105.16,9.085608000000002,1.78,96
380,2026-01-19 00:00:00,14.33,12.76,15.75,7.06,-0.79,17.17,7.14,-0.28,16.48,7.13,0.37,15.16,63.18,-0.93,-4.24,3.4,0,3.1,6.97,51.29,205.98,17.796851999999998,1.07,96
380,2026-01-20 00:00:00,13.76,11.91,15.67,11.25,1.08,21.3,11.16,1.91,20.76,10.69,2.77,19.37,61.38,3.32,-1.32,8.2,0,4.93,8.32,61.21,201.52,17.411535,1.34,96
380,2026-01-21 00:00:00,15.25,13.59,17.24,16.11,9.33,26.04,16.06,9.49,25.63,15.49,9.35,23.48,68.34,9.75,6.07,12.1,0,5.54,10.67,82.43,181.07,15.644637,1.78,96
380,2026-01-22 00:00:00,17.16,15.39,19.37,19.31,11.49,29.17,19.25,12.06,28.23,18.62,12.41,26.33,77.99,14.94,10.35,18.59,0,3.25,7.72,70.99,157.7,13.483674000000002,1.91,96
380,2026-01-23 00:00:00,18.76,17.12,20.57,20.67,13.66,30.42,20.66,14.23,29.39,20.05,14.36,27.64,78.24,16.14,13.92,19.68,0,2.38,5.49,150.99,153.58,13.26942,2.03,96
380,2026-01-24 00:00:00,19.55,18.1,21.19,20.84,14.36,29.28,20.75,14.74,28.92,20.07,14.74,26.8,83,17.38,14.22,20.33,0,4.26,10.35,104.63,160.11,13.833846,2.13,96
380,2026-01-25 00:00:00,20.53,19.15,22.09,22.6,16.88,30.44,22.59,17.41,30.16,21.76,17.27,28.03,85.09,19.56,17,21.93,0,6.13,13.32,194.51,163.71,14.1444,2.38,96
380,2026-01-26 00:00:00,20.95,18.89,21.67,18.55,8.27,24.97,18.44,8.29,24.93,17.61,7.86,23.15,87.43,16.26,2.79,22.96,0.84,7.48,12.95,269.5,126.61,10.939428,1.92,96
380,2026-01-27 00:00:00,16.41,14.89,18.79,6.53,-0.58,15.2,6.5,-0.18,14.65,6.4,-0.01,13.43,49.87,-4.29,-7.94,2.25,0,3.42,6.46,32.96,215.71,18.637758,1.29,96
380,2026-01-28 00:00:00,13.94,12.11,15.63,6.83,-3.02,18.32,6.89,-2.4,17.75,6.86,-0.87,16.42,55.82,-3.6,-10,0.51,0,3.91,8.44,148.16,215.29,18.600696,1.42,96
380,2026-01-29 00:00:00,13.43,11.38,15.55,8.66,-3.06,21.82,8.9,-2.35,20.6,9.21,-0.02,19.69,59.43,-1.16,-6.11,3.66,0,2.59,6.39,82.01,223.63,18.919035,1.51,96
380,2026-01-30 00:00:00,14.53,12.78,16.82,13.35,3.45,24.53,13.42,4.05,23.91,13.27,5.59,22.08,68.54,6.6,2.33,10.55,0,3.21,8.15,216.65,175.96,15.202764,1.81,96
380,2026-01-31 00:00:00,15.19,13.68,15.63,10.93,2.89,14.74,10.85,2.81,14.76,10.47,2.69,14.32,81.53,7.71,-4.54,13.47,0,7.51,16.92,311.87,40.79,3.523878,1.43,96
460,2026-01-01 00:00:00,16.96,14.58,19.36,7.99,-2.2,20.91,8.25,-1.57,20.13,9.13,-0.76,19.64,72.55,2.65,-2.52,7.88,0,2.26,7.29,232.55,185.61,15.869988,0.93,96
460,2026-01-02 00:00:00,17.43,14.81,20.27,11.47,1.01,24.61,11.77,1.7,23.6,12.7,2.7,23.32,76.49,6.98,0.83,12.48,0,1.8,6.11,244.1,167.66,14.485959,1.13,96
460,2026-01-03 00:00:00,18.85,16.41,21.57,16.07,6.38,26.46,16.37,7.28,25.68,16.88,9.6,25.18,79.96,12.4,6.58,15.76,0,3.03,9.44,204.48,172.83,14.93262,1.33,96
460,2026-01-04 00:00:00,20.61,19.41,22.35,19.21,14.59,26.51,19.11,14.77,25.6,19.07,14.8,25.17,86.51,16.65,13.81,19.26,0.07,2.25,5.17,136.29,115.21,9.954108000000002,1.54,96
460,2026-01-05 00:00:00,20.32,18.7,22.32,17.13,11.99,27.15,17.23,12.32,26.28,17.5,12.05,26.23,84.55,14.25,11.7,18.14,0,2.21,4.55,72.74,137.38,11.869605,1.53,96
460,2026-01-06 00:00:00,20.53,18.39,23.06,18.2,10.27,29.02,18.37,11.07,28.56,18.97,11.71,28.31,78,13.67,10.35,18.56,0,1.59,4.45,165.45,177.6,15.344756999999998,1.53,96
460,2026-01-07 00:00:00,21.17,18.66,24.04,18.63,9.55,30.28,18.72,10.05,29.46,19.47,10.63,29.28,76.78,13.86,9.39,18.42,0,1.69,4.42,223.21,188.14,16.255197,1.51,96
460,2026-01-08 00:00:00,21.87,19.62,24.06,20.01,11.21,29.4,20.14,11.9,28.9,20.34,12.86,28.27,78.75,15.88,11.06,19.75,0,2.46,5.57,103.43,156.59,13.529718000000003,1.64,96
460,2026-01-09 00:00:00,22.49,20.57,24.47,21.41,13.86,29.82,21.57,14.67,28.89,21.63,15.66,28.26,79.85,17.53,13.91,21.07,0,2.91,7.28,91.88,146.33,12.64293,1.76,96
460,2026-01-10 00:00:00,23.1,21.23,25.08,21.37,14.76,29.62,21.59,15.65,29.05,21.86,16.21,28.83,78.42,17.18,14.75,20.52,0,2.31,8.39,117.92,158.16,13.664835,1.82,96
460,2026-01-11 00:00:00,23.66,21.86,25.71,21.64,15.1,30.32,21.51,15.66,29.59,21.68,16.49,28.84,77.55,17.04,9.92,19.7,0,2.93,8.56,231.59,147.46,12.608181,1.84,96
460,2026-01-12 00:00:00,22.85,21.24,24.13,18.33,11.71,25.11,18.13,11.69,24.41,17.8,11.53,23.43,68.79,12.23,7.18,16.46,0,4.42,7.24,65.18,104.74,9.049635,1.54,96
460,2026-01-13 00:00:00,22.49,21.07,23.89,18.89,13.37,25.45,18.77,13.35,25.21,18.45,13.08,24.26,81.31,15.33,12.13,17.79,0,4.01,7.01,78.63,108.79,9.399131999999998,1.58,96
460,2026-01-14 00:00:00,22.39,21.63,23.47,17.74,12.12,24.7,17.7,12.83,23.99,17.61,13.65,23.25,80.38,14.02,10.98,16.79,0.04,3.54,9.59,265.66,105.27,9.095652,1.51,96
460,2026-01-15 00:00:00,20.25,17.43,21.76,12.86,0.24,17.8,12.97,1.33,17.47,13.07,3.16,17.09,80.19,9.43,-0.33,15.69,0.14,4.61,11.7,271.35,63.51,5.487093,1.38,96
460,2026-01-16 00:00:00,15.87,13.23,18.15,7.69,-2.81,18.83,8.01,-1.96,18.5,8.41,-1.23,18.1,66.47,0.85,-5.03,7.93,0,2.38,5.18,113.64,200.88,17.355843,0.98,96
460,2026-01-17 00:00:00,17.64,15.53,20.83,16.64,8.11,26.41,16.7,8.43,25.67,16.56,8.83,25.41,74.03,11.63,5.76,15.15,0,3.27,6.61,86.77,166.68,14.250950999999999,1.55,96
460,2026-01-18 00:00:00,19.51,18.28,21.22,16.49,7.64,28.69,16.41,7.64,27.95,16.39,7.53,27.3,79.59,12.62,4.99,20.58,0,5,15.25,263.6,119.34,10.203462,1.80,96
460,2026-01-19 00:00:00,17.19,15.09,19,8.08,1.5,17.21,8.12,1.64,16.47,8.2,1.38,15.96,62.74,0.05,-5.87,4.76,0,3.76,7.35,151.19,206.6,17.850375,1.11,96
460,2026-01-20 00:00:00,16.56,13.92,19.5,12.65,2.32,23.08,12.62,3.12,22.43,12.2,3.07,21.4,63.78,5.52,-0.79,10.96,0,5.14,7.77,40.89,193.5,16.718031,1.44,96
460,2026-01-21 00:00:00,18.4,16.22,21,16.84,10.13,25.62,16.74,10.26,24.71,16.39,10.09,23.67,68.8,10.51,7.33,13.04,0,5.49,9.63,52.76,173.94,15.028299000000002,1.76,96
460,2026-01-22 00:00:00,20.57,18.57,23.02,20.64,14.14,28.64,20.46,14.22,27.49,20.18,13.98,27.5,76.71,15.89,12.48,19.12,0,3.18,5.34,48.81,130.14,11.243718000000001,1.88,96
460,2026-01-23 00:00:00,22.31,20.44,24.63,21.54,15.93,31.01,21.35,16.04,29.46,21.26,15.92,29.51,78.58,16.94,15.12,20.49,0,2.57,4.45,66.85,150.1,12.968306999999998,2.09,96
460,2026-01-24 00:00:00,23.11,21.13,25.2,22.01,15.32,29.58,21.89,15.66,28.98,21.63,15.59,28.04,79.6,17.86,14.94,20.5,0,3.43,6.99,83.44,156.65,13.534956,2.13,96
460,2026-01-25 00:00:00,24.07,21.97,26.48,23.04,17.06,31.55,23.14,17.71,30.8,23.14,17.75,30.49,80.14,19.1,16.93,21.34,0,3.6,9.19,170.1,181.39,15.672483,2.45,96
460,2026-01-26 00:00:00,24.13,21.87,25.61,20.73,9.02,28.23,20.57,9.04,28.26,20.38,8.83,27.27,83.14,17.44,6.64,22.83,0.18,5.24,12.82,263.61,133.65,11.547765,2.03,96
460,2026-01-27 00:00:00,18.46,16.3,21.71,8.63,1.24,15.7,8.51,2.76,15.05,8.43,2.65,14.4,52.96,-1.25,-5.69,6.52,0,4.16,7.26,127.84,215.39,18.609758999999997,1.38,96
460,2026-01-28 00:00:00,15.59,13.32,17.77,8.1,-0.54,18.79,8.1,0.22,17.7,8.29,0.89,17.4,56.5,-1.93,-6.99,1.18,0,3.35,8.58,170.11,168.58,14.564952,1.46,96
460,2026-01-29 00:00:00,15.34,12.31,18.64,9.86,-2.76,22.32,10.07,-1.88,21.43,10.2,-0.78,20.96,58.05,0.36,-4.04,6.94,0,3.3,7.18,136.02,211.72,18.29241,1.58,96
460,2026-01-30 00:00:00,17.27,15.31,20.34,14.61,8.15,24.52,14.73,8.56,23.62,14.73,8.39,23.26,71.2,9.04,6.69,12.51,0,2.97,5.8,178.24,139.36,11.915145,1.82,96
460,2026-01-31 00:00:00,17.36,15.82,18.33,11.76,2.8,15.87,11.74,2.97,15.5,11.63,2.87,15.1,77.87,7.93,-4.35,12.26,0.03,5.23,11.45,291.85,47.54,4.10724,1.43,96
125,2026-01-01 00:00:00,12.17,10.04,14.62,8.55,-0.63,21,8.42,-0.54,19.73,10.23,0.94,19.17,75.44,3.35,-1.44,8.96,0,2.88,7.85,247.53,147.91,12.779496,1.09,96
125,2026-01-02 00:00:00,13.31,11.55,15.19,12.78,3.4,24.24,12.6,3.45,22.39,12.96,4,21,85.18,10,2.68,16.16,0,2.59,7.16,146.44,78.83,6.811011,1.45,96
125,2026-01-03 00:00:00,15.65,14.76,16.44,17.58,14.06,21.63,17.61,14.14,21.4,17.83,14.61,21.42,91.7,16.22,13.48,18.34,1.72,5.06,9.62,209.94,17.85,1.541988,1.25,96
125,2026-01-04 00:00:00,15.44,14.35,17.05,13.7,7.88,20.74,13.41,7.97,18.97,13.64,8.23,18.99,88.4,11.43,7.26,14.61,0,4.11,8.18,88.6,111.81,9.660636,1.24,96
125,2026-01-05 00:00:00,15.32,13.69,17.55,13.41,7.37,22.44,13.04,7.34,20.51,13.31,7.41,21.1,90.27,11.37,6.69,15.28,0,2.42,4.49,101.72,120.37,10.399923,1.26,96
125,2026-01-06 00:00:00,16.42,14.88,18.42,17.54,11.27,24.44,17.34,11.61,23.15,17.46,11.84,22.74,89.25,15.43,10.96,19.02,0,4.59,9.53,181.44,129.2,11.162925,1.45,96
125,2026-01-07 00:00:00,17.94,16.4,20.09,19.6,15.22,25.67,19.4,15.19,24.57,19.61,15.62,24.08,91.1,17.84,14.48,20.3,0,4.35,9.23,223.83,136.13,11.761362,1.60,96
125,2026-01-08 00:00:00,18.66,17.41,20.43,18.87,15.19,26.89,18.52,15.43,25.91,18.46,15.37,25.02,91.34,16.98,14.7,20.73,0,3.24,7.7,116.8,83.1,7.180227,1.54,96
125,2026-01-09 00:00:00,18.71,16.76,20.55,20.27,13.27,28.06,19.99,13.41,26.93,19.98,13.9,25.91,90.82,18.36,12.83,22.26,0.05,5.25,9.95,145.98,100.59,8.690598,1.67,96
125,2026-01-10 00:00:00,20.49,19.14,22.27,22.61,19.27,28.16,22.19,19.05,26.73,22.09,19.03,25.85,88.35,20.05,18.03,21.33,0.06,5.76,11.19,200.66,121.06,10.459700999999997,1.77,96
125,2026-01-11 00:00:00,18.19,15.12,20.77,13.1,6.81,18.96,12.81,6.77,18.57,12.79,6.8,18.7,63.14,5.56,-3.86,17.21,0,6.35,11.46,114.19,110.32,9.531477,1.29,96
125,2026-01-12 00:00:00,13.27,11.74,15.02,5.89,0.63,12.65,5.67,0.66,11.57,5.87,1,11.5,58.58,-2.41,-4.79,2.12,0,4.34,7.7,39.13,129.5,11.189043000000002,0.96,96
125,2026-01-13 00:00:00,12,9.83,14.09,7.07,-1.64,18.24,6.69,-1.57,16.33,7.32,-1.5,16.99,68.12,-0.25,-4.51,5.11,0,2.03,4.96,175.31,156.43,13.515759,1.01,96
125,2026-01-14 00:00:00,12.72,11.75,14,9.99,3.74,15.61,9.86,3.86,14.76,9.94,4.47,14.74,81.01,6.64,2.56,9.39,0.02,3.38,10.67,256.4,74.15,6.406524,1.17,96
125,2026-01-15 00:00:00,12.07,10.55,13.4,5.85,-2.73,11.58,5.49,-2.77,10.27,5.88,-2.19,10.17,66.42,-1.17,-6.77,8.9,0.01,4.22,7.57,310.99,165.86,14.330079,0.85,96
125,2026-01-16 00:00:00,10.68,8.12,13.34,6.89,-4.82,18.52,6.53,-4.73,16.47,6.71,-3.71,15.38,73.34,1.48,-5.87,8.58,0,4.77,10.78,140.32,162.24,14.017158000000002,1.10,96
125,2026-01-17 00:00:00,12.83,11.34,14.61,13.16,7.68,18.85,13,7.52,17.77,13.1,7.41,18.05,90.83,11.52,6.16,15.19,0.27,3.81,7.74,118.72,62.58,5.407326,1.30,96
125,2026-01-18 00:00:00,11.89,10.11,13.42,4.61,-1.48,10.07,4.17,-1.58,8.42,4.45,-1.28,8.48,81.16,0.84,-3.06,6.45,0.68,4.4,8.76,231.22,142.69,12.328749000000002,0.90,96
125,2026-01-19 00:00:00,9.66,7.6,11.83,3.85,-3.32,14.65,3.56,-3.2,13.25,4.48,-1.92,13.12,73.06,-1.79,-5.08,2.51,0,2.56,7.58,195.87,164.24,14.19012,1.02,96
125,2026-01-20 00:00:00,9.77,7.67,12.2,6.48,-1.3,17.1,6.36,-1.3,15.75,6.98,-0.87,15.7,70.73,0.45,-2.13,3.17,0,3,8.09,43.48,165.34,14.136399000000003,1.15,96
125,2026-01-21 00:00:00,10.5,8.66,12.19,10.17,2.91,17.15,10.25,3.47,16.41,10.52,4.53,16.35,69.78,4.71,0.59,9.39,0,3.38,6.51,94.73,81.76,6.990282,1.32,96
125,2026-01-22 00:00:00,13.37,11.1,16.21,16.32,9.65,25.25,16.1,9.81,23.83,16.25,10.49,23.26,78.58,12.23,7.34,16.81,0,3.49,6.94,152.54,139.62,12.062906999999997,1.67,96
125,2026-01-23 00:00:00,14.65,13.46,16.06,14.94,11.07,21.47,14.79,11.33,20.2,15.12,11.99,20.54,89.96,13.12,10.49,15.94,0.01,2.46,7.59,127.34,60.94,5.264892,1.39,96
125,2026-01-24 00:00:00,15.6,14.15,17.27,16.72,12.57,22.71,16.4,12.46,21.57,16.3,12.38,21.01,84.96,13.8,11.43,16.8,0.01,5.02,6.9,85.04,93.61,8.088183,1.57,96
125,2026-01-25 00:00:00,17,15.8,18.73,18.39,14.8,26.1,18.13,14.64,24.96,18.04,14.57,24.59,89.96,16.43,13.78,21.72,0.19,6.45,15.81,185.61,61.13,5.281640999999999,1.71,96
125,2026-01-26 00:00:00,14.34,11.24,17.17,5,-1.56,14.25,4.5,-1.27,12.52,4.36,-1.27,13.8,70.92,-0.75,-6.35,11.32,0.03,6.37,12.96,211.54,168.73,14.577984,1.19,96
125,2026-01-27 00:00:00,10.06,7.87,12.07,1.43,-4.52,11.07,1.04,-4.54,9.31,1.27,-4.79,9.28,64.48,-5.87,-9.61,-1.72,0,3.15,7.23,193.7,180.5,15.594939,1.08,96
125,2026-01-28 00:00:00,9.4,7.12,11.88,3.3,-5.75,14.41,3.07,-5.71,12.95,4.08,-3.75,13.17,70.6,-2.91,-6.89,1.4,0,2.68,5.91,261.05,179.04,15.469406999999999,1.21,96
125,2026-01-29 00:00:00,9.5,7.1,12.12,5.12,-3.71,18.01,4.81,-3.75,16.5,5.69,-3.25,15.48,72.48,-0.8,-4.61,2.71,0,2.11,5.34,133.38,158.89,13.727943000000002,1.39,96
125,2026-01-30 00:00:00,10.39,8.28,12.77,7.84,0.5,17.87,7.66,0.63,16.3,8.31,1.26,16.65,84.3,5,-0.67,11.21,0.03,2.43,5.47,164.72,109.67,9.475911,1.44,96
125,2026-01-31 00:00:00,9.5,7.08,11.12,1.96,-4.26,8.9,1.61,-4.23,9,1.48,-4.43,9.01,57.42,-6.15,-12.73,4.28,0,7.09,10.85,333.1,155.07,13.398255,1.22,96
290,2026-01-01 00:00:00,13.27,11.57,14.96,8.77,-0.15,19.7,8.07,-0.77,17.93,9.54,1.58,18.54,70.26,1.86,-1.15,4.64,0,2.05,5.89,211.71,84.39,7.291070999999999,1.24,96
290,2026-01-02 00:00:00,14.11,12.13,16.31,12.15,3.3,21.77,11.37,2.94,20.1,12.68,4.77,20.55,85.49,8.77,2.52,13.5,0,1.33,5.18,177.8,93.49,8.077239,1.26,96
290,2026-01-03 00:00:00,16.11,14.37,18.15,17.14,10.44,27.05,16.3,9.98,25.52,17.29,11.53,25.31,89.37,14.4,9.48,19.86,0.44,2.27,4.99,184.49,66.55,5.749524,1.54,96
290,2026-01-04 00:00:00,17.31,16.67,18.24,15.92,14.36,18.12,14.71,13.1,16.92,15.26,13.68,17.12,93.53,13.67,12.48,14.87,0,2.38,4.92,94.63,51.19,4.422636,1.09,96
290,2026-01-05 00:00:00,17.75,16.81,19.23,16.12,13.26,22.75,14.98,12.52,21.57,15.74,13.3,22.46,93.14,13.85,11.79,18.07,0.01,1.56,3.28,188.09,72.16,6.234885,1.32,96
290,2026-01-06 00:00:00,17.76,15.75,20.09,17.58,10.96,28.62,16.67,10.06,26.32,18,11.2,26.93,87.31,14.31,9.31,19.75,0,1.11,3.33,166.72,78.54,6.786135,1.54,96
290,2026-01-07 00:00:00,18.91,17.06,21.3,18.73,13.5,27.39,17.71,12.82,25.24,18.72,14.26,25.68,90.66,16.06,12.18,20.23,0,1.18,3.03,171.6,90.38,7.808409000000001,1.48,96
290,2026-01-08 00:00:00,19.46,17.47,21.66,19.37,13.11,28.57,18.34,12.11,26.47,19.29,13.42,27.31,87.13,15.95,11.33,19.74,0.02,1.29,3.56,122.77,88.32,7.630839,1.54,96
290,2026-01-09 00:00:00,20.1,18.32,22.19,20.88,14.83,30.38,20.06,14.17,28.39,21.15,15.26,28.73,87.62,17.77,13.28,22.12,0,1.35,2.91,134.03,76.03,6.569118,1.61,96
290,2026-01-10 00:00:00,20.55,18.69,22.72,20.88,14.96,31.58,20.12,14.23,28.95,21.21,15.33,29.16,85.38,17.35,13.36,22.4,0,1.33,3.59,167.21,83.32,7.198785,1.64,96
290,2026-01-11 00:00:00,19.6,17.94,20.77,16.34,8.61,22.51,15.4,8.11,21.21,16.45,10.49,21.39,85.34,12.79,2.93,20.36,0,1.98,6.17,186.24,45.3,3.9139920000000004,1.41,96
290,2026-01-12 00:00:00,16.8,15.12,18.05,12.38,6.42,17.69,11.2,5.35,16.21,11.76,6.1,16.46,80.61,7.92,2.74,12.31,0,3.88,7.69,95.76,72.61,6.273342,1.22,96
290,2026-01-13 00:00:00,17.81,16.03,19.84,16,10.59,24.23,14.76,9.82,22.61,15.31,10.71,22.67,87.05,12.52,9.23,16.14,0,2.4,4.95,77.32,85.04,7.34706,1.43,96
290,2026-01-14 00:00:00,18.26,17.54,19.13,14.75,11.33,19.46,13.56,10.41,17.84,14.15,11.25,18.17,88.76,11.47,5.13,14.13,0.01,1.95,7.48,199.26,63.55,5.491098,1.21,96
290,2026-01-15 00:00:00,16.74,14.35,17.96,12,5.15,15.83,10.8,4.06,14.34,11.43,5.03,14.6,70.18,4.78,-5.81,11.74,0.14,4.65,11.14,266.66,101.28,8.750331,1.13,96
290,2026-01-16 00:00:00,13,10.74,15.04,5.73,-2.26,15.55,4.93,-3.13,14.21,6.17,-1.79,14.89,66.92,-1.68,-6.09,3.74,0,1.5,3.81,156.41,103.56,8.947935,1.09,96
290,2026-01-17 00:00:00,13.42,10.83,16.6,12.17,1.43,25.57,11.42,0.89,23.3,12.55,1.89,23.22,81.34,7.76,0.51,13.52,0,1.31,3.76,137.69,103.28,8.923239,1.47,96
290,2026-01-18 00:00:00,15.2,13.65,15.96,11.85,4.06,18.87,10.73,3.04,17.43,11.47,4.02,17.88,93.21,9.66,2.17,14.5,0.08,2.55,11.3,223.16,36.64,3.165588,1.39,96
290,2026-01-19 00:00:00,12.13,10.05,14.03,5.92,0.49,13.39,5,-0.34,12.42,6.04,1.53,12.96,72.16,-0.54,-4.36,2.09,0.01,2.31,7.17,207.34,105.15,9.085041,1.09,96
290,2026-01-20 00:00:00,11.42,9,14.08,6.97,-1.13,18.02,6.22,-1.81,16.42,7.41,-0.5,16.37,76.28,1.63,-2.34,5.75,0,2.33,6.33,107.59,108.71,9.392606999999998,1.27,96
290,2026-01-21 00:00:00,13.06,10.55,16.16,13.82,3.63,23.54,12.88,3.2,21.67,13.67,5.01,21.61,80.08,9.3,2.78,13.17,0,2.77,5.7,58.93,103.21,8.917353,1.53,96
290,2026-01-22 00:00:00,15.92,13.87,18.47,16.82,11.28,25.78,15.9,10.63,24.17,16.7,12.01,24.36,87.13,13.54,9.97,17.2,0,1.92,5.36,88.87,94.99,8.207145,1.61,96
290,2026-01-23 00:00:00,17.02,14.73,19.67,17.48,10.63,27.04,16.59,9.98,25.1,17.87,11.69,25.7,85.28,13.76,9.28,18.27,0,1.34,4.25,155.36,101.51,8.770850999999999,1.66,96
290,2026-01-24 00:00:00,18.16,16.74,20.07,18.7,13.61,26.1,17.43,12.9,24.22,17.96,13.76,24.59,90.76,15.82,12.1,19.7,0,2.8,5.27,76.91,80.33,6.940809000000001,1.62,96
290,2026-01-25 00:00:00,20.19,18.36,22.61,22.47,16.48,31.41,21.25,15.2,29.3,21.89,15.79,29.43,84.55,18.31,14.24,22.67,0,2.74,5.31,148.65,100.16,8.653761,1.92,96
290,2026-01-26 00:00:00,20.82,18.8,22.67,18.61,6.88,24.29,17.43,5.66,22.6,18.12,6.51,23.08,77.12,13.09,-5.31,21.14,0,5.07,9.27,267.98,108.8,9.399924000000002,1.73,96
290,2026-01-27 00:00:00,16.03,13.92,18.66,4.09,-0.94,11.09,2.99,-1.74,9.21,3.9,-0.6,10.09,57.94,-5.01,-8.3,-1.6,0,2.81,5.89,230.98,119.72,10.235898,1.10,96
290,2026-01-28 00:00:00,13.78,11.8,16.16,5.7,-1.58,15.31,4.85,-2.42,14.36,6.12,-0.82,14.87,61.97,-3.03,-6.75,0.68,0,2.12,5.03,235.78,121.34,10.484136,1.31,96
290,2026-01-29 00:00:00,13.39,10.87,16.04,8.45,-0.94,18.89,7.68,-1.6,17.02,8.9,0.11,17.62,73.07,2.45,-2.12,5.48,0,2.06,5.26,131.59,114.92,9.929006999999999,1.44,96
290,2026-01-30 00:00:00,14.51,11.92,17.2,12.42,2.2,22.85,11.55,1.44,20.62,12.58,2.88,20.99,74.01,6.22,1.06,10.09,0,1.3,4.38,193.68,119.04,10.284813,1.60,96
290,2026-01-31 00:00:00,15.36,13.77,16.31,9.55,-0.64,15.99,8.32,-1.98,14.34,9.13,-0.99,14.62,66.6,2.19,-10.35,8.85,0,4.83,12.28,268.42,73.25,6.32898,1.43,96
335,2026-01-01 00:00:00,15.09,12.31,18.16,7.39,-2.14,20.22,7.67,-1.18,18.63,9.33,0.37,19.05,68.57,1,-2.2,4.88,0,2.42,7.2,254.99,151,13.046418000000003,1.03,96
335,2026-01-02 00:00:00,15.85,13.02,19.07,11.06,1.57,23.1,11.23,2.47,21.64,13.03,5.45,21.9,78.66,7.17,1.38,12.11,0,2.04,5.81,226.06,131.09,11.326158000000001,1.22,96
335,2026-01-03 00:00:00,17.48,14.73,20.26,16.3,6.55,25.29,16.4,7.78,24.38,17.73,11.2,24.43,81.84,12.93,6.72,16.05,0.14,4.15,9.76,216.38,109.4,9.452286,1.48,96
335,2026-01-04 00:00:00,18.69,16.99,21.24,16.38,10.78,23.52,16.11,11.44,21.6,16.74,13.75,21.51,86.81,13.81,10.12,15.95,0.01,3.72,9.13,90.65,113.33,9.791838,1.36,96
335,2026-01-05 00:00:00,18.76,17.17,21.72,16.88,11.8,26.52,16.51,12.7,24.25,17.03,14.15,23.76,88,14.35,11.65,18.03,0,2.84,6.04,94.7,102.85,8.886663,1.46,96
335,2026-01-06 00:00:00,19.1,15.99,22.56,17.39,9.16,28.78,17.23,9.41,27.16,18.72,10.78,27.37,80.65,13.32,8.56,18.68,0,1.67,4.82,180.74,140.41,12.131037,1.49,96
335,2026-01-07 00:00:00,19.83,17.15,23.19,17.81,10.66,28.13,17.61,11.17,26.24,19.11,14.4,26.49,84.86,14.78,10.19,18.67,0,1.67,4.59,232.05,126.08,10.893708000000002,1.51,96
335,2026-01-08 00:00:00,20.31,17.42,23.6,19.03,11.25,29.31,18.75,11.48,27.1,19.83,12.96,27.27,81.15,15.01,10.63,18.26,0,2.31,5.7,128.03,134.09,11.585061,1.57,96
335,2026-01-09 00:00:00,21.2,18.36,24.1,20.62,12.71,29.79,20.4,13.07,27.88,21.49,15.39,28.32,79.94,16.47,12.19,20.82,0,2.9,6.72,142.79,133.18,11.506986,1.66,96
335,2026-01-10 00:00:00,21.38,18.99,24,19.97,13.14,29.21,19.91,13.31,27.74,21.08,14.51,28.09,80.7,16.16,12.38,20.52,0,2.02,6.13,160.52,116.48,10.063449000000002,1.63,96
335,2026-01-11 00:00:00,21.17,18.76,23.94,18.39,11.82,28.68,18.2,12.87,27.09,19.23,14.12,27.18,81.64,14.73,5.79,18.95,0,3.97,9.78,223.05,112.36,9.708291,1.66,96
335,2026-01-12 00:00:00,19.54,17.06,22.06,15.07,8.64,23.9,14.67,8.95,22.17,15.09,9.64,22.35,68.98,8.88,3.48,13.47,0,6.92,12.58,117.76,150.36,12.991518000000001,1.45,96
335,2026-01-13 00:00:00,20.05,17.89,22.56,18.1,12.59,25.57,17.71,12.64,23.67,18.13,13.12,24.04,78.44,13.73,10.82,15.94,0,4.83,8.59,60.45,112.39,9.710541,1.52,96
335,2026-01-14 00:00:00,20.59,19.26,22.33,16.69,13.6,20.86,16.38,13.63,19.89,16.93,14.53,20.01,78.49,12.37,9.65,14.97,0.01,2.86,7.98,229.19,98.69,8.526411,1.32,96
335,2026-01-15 00:00:00,17.96,13.75,20,12.06,1.93,16.13,11.91,2.71,15.13,12.35,4.71,15.71,73.23,6.88,-1.84,14.01,0.27,5.35,12.92,279.19,84.2,7.274465999999999,1.23,96
335,2026-01-16 00:00:00,13.41,10.13,16.89,5.86,-3.73,17.91,5.71,-3,15.56,7.31,-1.9,16.63,68.56,-0.42,-4.48,3.39,0,2.17,6,158.49,170.05,14.692284,0.97,96
335,2026-01-17 00:00:00,15.3,11.72,19.49,13.55,1.8,25.69,13.36,2.5,23.77,14.81,5.1,24.03,75.91,8.63,1.21,13.89,0,2.78,7.03,155.21,155.24,13.41297,1.39,96
335,2026-01-18 00:00:00,16.8,14.8,19.47,12.63,5.31,26.78,12.54,5.61,25.8,13.3,6.22,25.59,83.55,9.66,3.21,17.59,0,4.44,18.06,253.87,92.79,8.016903,1.73,96
335,2026-01-19 00:00:00,13.87,11.01,16.9,6,-1.61,16.48,6.02,-0.63,14.29,7.31,1.28,14.87,66.14,-0.72,-3.79,2.95,0,3.72,12.72,180.72,173.83,15.018588,1.07,96
335,2026-01-20 00:00:00,13.8,10.48,17.5,10.52,-0.55,20.19,10.39,0.4,18.77,11.02,2.74,18.65,62.32,3.2,-1.4,6.92,0,7.59,12.28,102.17,170.43,14.725503,1.39,96
335,2026-01-21 00:00:00,16.24,13.1,20.06,15.72,10.01,24.01,15.51,10.31,22.59,16.02,10.95,22.41,67.63,9.28,6.07,11.69,0,7.07,11.22,46.58,151.82,13.116879,1.68,96
335,2026-01-22 00:00:00,18.27,15.78,21.46,18.07,11.05,26.87,17.85,12.17,25.01,18.44,13.54,25.1,79.11,13.96,10.42,17.34,0.07,4.74,9.45,48.7,129.26,11.16828,1.77,96
335,2026-01-23 00:00:00,19.39,16.52,22.48,18.68,11.32,29.46,18.65,12,27.08,20.1,14.66,27.76,78.96,14.54,11.08,18.64,0,2.82,7.25,124.33,132.31,11.431458000000001,1.84,96
335,2026-01-24 00:00:00,20.21,17.42,23.55,19.18,10.63,28.56,19.02,11.21,26.8,19.87,13.7,26.75,79.89,15.11,10.25,18.77,0,4.02,8.22,111.5,144.37,12.473811,1.90,96
335,2026-01-25 00:00:00,21.4,18.92,24.34,22.5,14.69,31.45,22.23,15.49,30.33,22.82,16.82,30.38,78.05,17.77,14.41,20.66,0,4.82,10.61,173.36,142.61,12.321378,2.20,96
335,2026-01-26 00:00:00,21.77,18.15,24.04,19.2,8.01,23.82,18.82,8.04,22.68,19.02,8.17,22.83,77.16,14.58,-3.07,20.58,0.1,6.69,13.15,264.57,124.54,10.759896,1.77,96
335,2026-01-27 00:00:00,15.77,12.94,18.44,5.6,-2.12,13.58,5.31,-1.14,11.59,6.32,1.86,12.11,55.52,-3.39,-6.56,-0.11,0,5.19,9.13,205.09,185.67,16.041626999999995,1.21,96
335,2026-01-28 00:00:00,13.94,10.65,18.01,5.64,-3.92,18.76,5.94,-2.76,16.76,7.8,1.4,16.84,56.05,-3.81,-8.05,-0.34,0,3.83,10.19,267.63,187.64,16.212276,1.40,96
335,2026-01-29 00:00:00,13.92,9.88,18.14,8.03,-5.05,20.92,8.22,-3.38,18.88,9.52,-1.82,19.43,67.17,1.57,-4.53,6.03,0,3.74,9.1,113.78,183.73,15.874074000000002,1.51,96
335,2026-01-30 00:00:00,15.75,12.28,19.84,12.28,2.35,23.78,12.34,3.31,22.26,14.09,5.95,22.52,70.01,6.15,2.13,10.09,0,2.61,7.43,257.82,164.34,14.198688,1.71,96
335,2026-01-31 00:00:00,15.79,12.66,16.93,10.08,-0.03,14.15,9.92,-0.02,14.2,10.32,0.14,15.11,69.55,4.48,-10.19,9.97,0.01,6.26,13.67,290.76,42.5,3.671955,1.43,96
240,2026-01-01 00:00:00,14.03,12.37,15.68,9.05,-1.3,19.59,9.13,-0.71,18.34,10.59,3.15,18.69,55.76,-0.47,-2.25,4.36,0,4.72,9.2,262.69,161.67,13.968656999999999,1.05,96
240,2026-01-02 00:00:00,14.64,13.08,16.23,11.97,2.72,21.2,11.88,3.22,20.08,13.07,4.76,20.43,80.38,8.19,3.13,11.46,0,3.15,8.71,233.37,111.66,9.647631,1.26,96
240,2026-01-03 00:00:00,16.29,14.99,18.27,16.57,10.84,25.59,16.17,11.11,24.29,16.81,12.36,24.24,88.89,14.1,10.73,17.22,0.59,4.82,11.86,223.14,116.82,10.093419,1.49,96
240,2026-01-04 00:00:00,16.82,16.61,17.27,13.74,12.09,15.93,13.27,11.65,14.87,13.86,12.16,15.39,96.05,12.63,11.4,14.42,0.01,3.05,6.41,101.99,45.17,3.9024,1.03,96
240,2026-01-05 00:00:00,16.95,15.95,18.45,14.4,10.63,23.62,13.96,10.66,22.06,14.74,11.2,23.07,92.96,12.67,10.66,15.84,0,2.09,4.63,159.14,115.21,9.954018000000001,1.34,96
240,2026-01-06 00:00:00,17.11,15.52,18.86,16.44,8.96,25.42,16.11,8.98,24.32,16.92,10.13,24.57,88,13.82,8.98,17.05,0,2.48,6.69,194.58,121.21,10.472787,1.43,96
240,2026-01-07 00:00:00,18.64,17.61,20.17,19.86,14.31,26.64,19.49,14.76,25.58,20.11,15.92,25.77,86.82,16.99,14.42,18.43,0,3.68,7.05,245.84,111.12,9.601119,1.57,96
240,2026-01-08 00:00:00,18.9,17.55,20.39,17.98,12.62,26.36,17.68,12.78,24.72,18.51,14.09,25.18,90.05,15.82,12.78,18.26,0.02,1.8,4.47,130.71,102.42,8.848719,1.48,96
240,2026-01-09 00:00:00,19.45,17.97,21.13,20.32,13.56,29.34,20,13.63,27.87,20.83,15.06,28.01,85.11,17.03,13.63,19.97,0,2.32,5.35,129.74,133.68,11.550050999999998,1.66,96
240,2026-01-10 00:00:00,19.96,18.51,21.51,19.39,13.4,28.37,19.31,13.42,27.09,20.34,14.59,27.17,82.66,15.78,13.42,20.13,0,2.76,7.17,203.53,136.78,11.818152,1.64,96
240,2026-01-11 00:00:00,19.11,17.89,20.34,15.04,8.76,19.44,14.78,8.76,18.43,15.57,9.54,18.8,80.38,10.95,-0.32,18.19,0.02,4.17,9.03,257.79,73.42,6.343227,1.28,96
240,2026-01-12 00:00:00,16.49,15.16,17.81,9.34,4.52,14.7,8.77,4.2,13.47,9.33,4.87,13.57,68.48,3.17,-2.74,7.84,0,5.28,7.66,28.81,109.37,9.449919,1.08,96
240,2026-01-13 00:00:00,16.91,15.56,18.45,12.66,6.27,20.48,12.13,6.1,19.04,12.79,6.96,19.52,75.19,7.69,3.58,10.47,0,2.85,5.39,100.99,129.51,11.190050999999999,1.23,96
240,2026-01-14 00:00:00,17.24,16.64,17.74,12.28,9.31,16.33,11.79,9.14,15.26,12.41,9.71,15.54,83.16,8.65,0.48,11.56,0.05,3.24,8.55,253.51,58.83,5.082894,1.13,96
240,2026-01-15 00:00:00,15.92,14.56,16.62,9.09,2.49,12.17,8.66,2.63,11.18,9.34,3.59,11.7,67.37,1.84,-8.67,10.34,0.03,6.18,13.54,287.2,143.44,12.393216,0.97,96
240,2026-01-16 00:00:00,13.2,11.29,14.82,3.67,-5.19,15,3.48,-4.76,13.65,4.78,-3.29,15.83,57.37,-5.95,-9.74,-1.14,0,2.2,5.12,151.51,179.78,15.532929000000001,0.88,96
240,2026-01-17 00:00:00,13.49,11.39,15.94,11.65,-0.97,23.21,11.54,-0.51,21.82,12.96,1.6,21.98,69.53,5.32,-1.33,9.07,0,2.44,5.8,162.31,138.71,11.984886,1.34,96
240,2026-01-18 00:00:00,14.7,13.06,15.57,8.69,0.92,13.09,8.3,1.11,12.94,9.13,2.35,14.4,92.59,7.14,0.58,11.09,0.41,3.96,13.26,246.03,24.78,2.1409020000000005,1.24,96
240,2026-01-19 00:00:00,12.02,10.38,13.54,4.78,-2.92,13.11,4.62,-2.56,11.86,5.72,-0.99,12.46,65.06,-2.24,-5.3,0.65,0,3.6,7.31,278.39,181.19,15.655041000000002,0.97,96
240,2026-01-20 00:00:00,11.74,9.78,13.87,6.92,-1.94,16.99,6.84,-1.41,15.54,7.93,1.45,15.94,58.77,-1.72,-4.22,1.59,0,3.22,6.95,120.68,171.06,14.779439999999997,1.13,96
240,2026-01-21 00:00:00,12.7,10.59,15.21,10.85,-0.43,21.1,10.42,-0.35,19.49,11.21,1.7,19.74,77.09,6.07,-0.63,10.35,0,3.24,7.22,69.17,157.81,13.635198,1.34,96
240,2026-01-22 00:00:00,15.35,13.87,17.57,15.71,10.01,25.04,15.32,10.05,23.54,16.03,11.15,23.89,80.56,11.46,9.5,13.67,0,2.38,4.78,84.48,144.83,12.513321,1.63,96
240,2026-01-23 00:00:00,16.37,14.34,18.63,16.37,7.73,27.09,16.1,7.83,25.47,17.1,10.06,25.49,80.45,12,7.83,15.69,0,1.94,5.74,211.6,169.3,14.627646,1.69,96
240,2026-01-24 00:00:00,17.3,16.24,18.52,16.11,12.35,23.11,15.63,12.39,21.92,16.17,13.19,22.22,90.53,13.96,12.33,16.37,0,4.17,7.15,63.13,92.25,7.970300999999998,1.57,96
240,2026-01-25 00:00:00,18.29,17.12,19.9,20.02,13.56,29.45,19.5,13.13,28.33,19.95,13.69,28.38,86.77,16.9,13.13,20.59,0,5.32,10.46,159.59,99.09,8.560989,1.96,96
240,2026-01-26 00:00:00,19.39,17.91,20.17,15.27,3.81,22.54,14.68,3.55,22.27,15.19,4.35,22.86,74.35,9.92,-6.68,20.73,0.01,7.37,11.46,293.61,159.2,13.75497,1.76,96
240,2026-01-27 00:00:00,15.44,13.79,17.79,2.6,-3.68,11.92,2.19,-3.35,10.29,3.32,-2.56,11.23,47.4,-8.57,-10.6,-3.89,0,4.86,8.69,311.7,194.94,16.843158,1.14,96
240,2026-01-28 00:00:00,13.72,12.06,15.5,5.63,-3.78,15.39,5.36,-2.76,13.95,6.5,-0.51,14.37,47.06,-6.11,-8.64,-0.6,0,3.87,7.26,301.02,186.38,16.103025,1.29,96
240,2026-01-29 00:00:00,13.39,11.31,15.48,7.78,-2.59,18.7,7.57,-2.09,16.95,8.62,0.08,17.63,61.16,-0.88,-4.19,2.67,0,2.62,5.85,166.03,191.25,16.524297,1.40,96
240,2026-01-30 00:00:00,13.99,11.85,16.08,10.19,-1.2,21.2,9.81,-0.86,19.63,10.81,1.28,19.79,67.19,2.48,-1.75,6.86,0,2.51,6.25,238.45,169.99,14.687127,1.56,96
240,2026-01-31 00:00:00,14.84,13.87,15.75,6.61,-2.56,13.9,6.08,-2.96,12.36,6.73,-2.15,12.27,61.66,-1.03,-12.3,5.36,0,7.77,16.3,296.1,125.16,10.813437,1.39,96
140,2026-01-01 00:00:00,7.88,4.68,11.67,7.86,-2.05,19.62,8.8,-1.01,19.17,10.1,1.5,18.9,64.31,1.46,-2.37,4.45,0,3.95,10.94,264.98,163.46,13.97556,1.05,96
140,2026-01-02 00:00:00,8.96,6.51,11.69,11.04,1.69,19.69,11.35,2.2,19.15,12.02,3.79,19.05,83.36,8.32,1.68,14.06,0,3,6.57,215.18,77,6.652412999999999,1.33,96
140,2026-01-03 00:00:00,12.16,10.69,13.48,16.89,14.24,18.61,16.96,14.79,18.59,17.18,15.3,18.61,94.28,16.02,14.02,17.66,1.28,5.05,9.32,229.55,20.37,1.760193,1.07,96
140,2026-01-04 00:00:00,12.31,10.64,14.73,13.09,7.35,18.85,13.42,8.2,18.65,13.62,9.47,18.18,89.05,11.5,7.78,15.35,0,4.19,8.37,78.4,124.41,10.7487,1.22,96
140,2026-01-05 00:00:00,11.39,10.31,13.46,11.84,7.36,17.88,11.92,8.22,17.41,12.12,9.3,16.95,92.49,10.67,7.85,12.67,0,2.57,5.95,114.21,71.58,6.184809000000001,1.20,96
140,2026-01-06 00:00:00,11.75,9.01,15.15,15.33,5.84,25.32,15.42,6.57,25.04,15.68,7.26,24.62,86.27,12.79,6.33,17.92,0,3.82,9.26,164.41,137.13,11.848185,1.44,96
140,2026-01-07 00:00:00,14.19,12.37,16.9,19.25,15.71,25.72,19.24,15.7,25.26,19.34,16.4,24.75,89.72,17.34,15.45,20.06,0,3.64,8.88,254.31,100.38,8.672750999999998,1.55,96
140,2026-01-08 00:00:00,15.34,13.87,18,18.45,13.75,23.44,18.42,14.43,22.95,18.63,16.44,21.92,94.42,17.46,14.1,19.79,0.01,3.29,8.95,165.31,110.44,9.541818000000001,1.45,96
140,2026-01-09 00:00:00,14.89,12.38,17.35,18.75,11.74,26.32,18.85,12.47,25.72,19.16,13.53,25.06,91.25,17.28,12.21,20.7,0.01,5.08,10.65,140.29,121.59,10.505655,1.61,96
140,2026-01-10 00:00:00,16.78,15.53,18.92,21.41,18.8,26.88,21.34,18.68,26.43,21.36,18.85,25.72,87.28,18.89,17.58,20.52,0.02,5.68,10.81,189.89,124.01,10.714239,1.77,96
140,2026-01-11 00:00:00,14.29,10.39,16.56,13.4,7.05,19.59,13.37,7.17,19.44,13.39,7.43,19.85,65.51,6.28,-4.13,18.95,0.24,7.53,11.95,317.15,130.22,11.250800999999997,1.32,96
140,2026-01-12 00:00:00,8.97,6.75,11.32,5.25,-0.36,11.95,5.43,0.65,11.34,5.77,0.8,11.26,52.85,-3.97,-6.63,0.5,0,4.54,8.61,72.22,139.38,12.042666,0.94,96
140,2026-01-13 00:00:00,8.06,5.04,11.73,5.31,-3.42,17.53,5.96,-2.73,17.04,7.02,-1.43,16.72,63.74,-2.39,-7.33,2.36,0,2.4,4.68,183.2,175.52,15.164622,0.97,96
140,2026-01-14 00:00:00,8.63,7.37,10.68,8.58,1.05,15.19,8.75,2.17,14.97,9.24,3.6,14.12,77.67,4.83,0.61,7.88,0,4.3,14.83,271.5,79.69,6.885,1.20,96
140,2026-01-15 00:00:00,8.29,5.98,10.36,5.92,-3.9,11.12,6.01,-2.43,11.25,6.22,-0.79,11.34,60.01,-2.04,-8.9,8.42,0,8.16,13.72,307.77,179.79,15.533675999999998,0.92,96
140,2026-01-16 00:00:00,6.35,3.1,9.91,4.05,-6.55,15.08,4.28,-5.2,14.29,4.58,-4.58,14,69.11,-1.9,-7.39,5.15,0,4.25,8.6,155.44,178.05,15.383231999999998,0.96,96
140,2026-01-17 00:00:00,8.49,6.21,10.96,11.31,4.31,20.82,11.42,4.84,20.01,11.81,5.87,19.42,87.36,9.27,3.26,13.24,0.14,4.68,13.48,165.15,77.86,6.726942,1.46,96
140,2026-01-18 00:00:00,7.31,4.62,9.65,3.77,-3.78,8.45,3.84,-2.74,8.34,3.97,-2.2,8.46,86.34,1.44,-4.14,7.82,0.85,6.42,11.59,274.44,95.65,8.264556,0.99,96
140,2026-01-19 00:00:00,4.97,2.25,8.28,1.89,-5.32,12.09,2.38,-4.64,11.47,3.35,-2.76,11.4,71.68,-3.28,-6.12,-0.33,0,3.72,8.61,284.56,185.13,15.994845,0.94,96
140,2026-01-20 00:00:00,5.39,2.42,9.02,4.34,-3.82,15.41,4.87,-2.92,14.83,5.79,-1.99,14.48,71.2,-1.15,-3.33,2.09,0,3.18,8.42,155.17,179.04,15.468939,1.08,96
140,2026-01-21 00:00:00,6.12,3.48,8.99,8.45,-0.32,16.9,8.94,0.88,16.62,9.43,2.19,16.55,65.19,2.17,-1.47,6.97,0,3.8,8.32,100.34,108.25,9.352899000000003,1.33,96
140,2026-01-22 00:00:00,9.42,6.28,13.34,14.85,6.11,24.7,15.16,7.17,23.94,15.77,8.81,23.64,71.19,9.61,4.66,13.22,0,3.55,5.79,138.23,163.67,14.14134,1.63,96
140,2026-01-23 00:00:00,10.62,8.66,12.8,14,8.1,19.14,14.22,9.12,18.95,14.76,10.74,18.64,91.68,12.84,8.65,15.85,0.01,2.42,6.18,166.49,63.61,5.496192,1.38,96
140,2026-01-24 00:00:00,11.54,10.1,13.69,14.84,11.84,19.91,14.79,11.8,19.49,14.73,11.94,18.63,88.53,12.82,11.31,14.66,0,6.21,9.6,73.3,97.15,8.306505,1.49,96
140,2026-01-25 00:00:00,12.45,11.14,14.71,16.75,13.63,24.99,16.67,13.56,25.02,16.77,13.73,24.84,93.73,15.62,12.53,21.48,0.23,7,13.72,164.5,40.98,3.540735,1.63,96
140,2026-01-26 00:00:00,10.02,5.81,13.09,5.98,-0.24,15.49,5.83,-0.01,15.45,5.73,0.16,15.71,72.14,0.54,-8.19,15.09,0.21,9.42,13.45,323.26,168.39,14.397435,1.45,96
140,2026-01-27 00:00:00,5.01,2.35,8.08,0.34,-4.63,8.7,0.42,-4.47,7.79,0.55,-4.35,7.72,55.97,-8.17,-12.07,-4.12,0.02,5.1,9.03,281.64,197.83,16.736229,1.05,95
140,2026-01-28 00:00:00,4.91,1.92,8.62,2.55,-6.45,13.93,3.14,-5.14,13.21,4.04,-3.93,12.69,63.63,-4.49,-8.53,-1.16,0,3.68,8.15,291.1,197.82,17.091801,1.24,96
140,2026-01-29 00:00:00,5.47,2.03,9.55,4.97,-5.07,16.6,5.51,-4.03,15.91,6.73,-2.43,15.88,64.86,-2.18,-4.58,1.57,0,2.49,6.14,212.8,189.01,16.330220999999998,1.34,96
140,2026-01-30 00:00:00,5.47,3.06,8.22,4.53,-2.91,13.45,5.08,-1.83,12.91,5.71,-0.76,12.54,84.46,2.47,-2.42,7.21,0,2.17,6.21,121.59,76.73,6.62976,1.29,96
140,2026-01-31 00:00:00,4.31,1.63,5.69,1.3,-4.8,6.42,1.28,-4.61,6.89,1.35,-4.59,7.09,61.34,-5.67,-13.8,4.49,0,11.62,19.74,316.87,131.84,11.272284,1.19,96
470,2026-01-01 00:00:00,15.82,13.16,18.52,10.9,2.46,21.3,11.57,3.6,20.82,10.93,3.14,19.22,64.11,3.63,-0.82,7.83,0,3.26,6.49,281.2,168.91,14.594013,1.10,96
470,2026-01-02 00:00:00,16.46,13.72,19.43,14.08,5.41,24.58,14.82,6.62,24.26,14.27,6.57,22.54,75.33,9.84,5.62,13.85,0,3.19,5.97,234.86,142.89,12.345516,1.35,96
470,2026-01-03 00:00:00,18.21,15.74,20.88,18.91,11.97,26.85,19.46,13.01,27.12,18.47,12.56,25.43,80.38,15.51,12.34,18.32,0.03,4.14,9.69,215.52,139.92,12.089097,1.62,96
470,2026-01-04 00:00:00,19.98,18.85,21.64,18.69,12.88,24.05,19.22,14.24,24.05,18.32,13.84,23.46,89.48,17.33,13.37,19.5,0.03,3.65,7.22,124.4,122.42,10.576854,1.50,96
470,2026-01-05 00:00:00,19.27,17.22,21.82,17.48,12.09,26.45,18.11,12.77,25.66,17.39,11.78,25.32,88.08,15.85,12.37,20.13,0,2.63,5.22,75.59,124.81,10.783674000000001,1.53,96
470,2026-01-06 00:00:00,19.98,17.23,23.11,19.52,11.78,29.48,20.2,12.64,29.44,19.67,11.77,28.2,79.14,15.81,12.3,21.75,0,1.97,5.3,197.48,151.86,13.12101,1.66,96
470,2026-01-07 00:00:00,20.71,17.93,23.79,19.96,12.11,29.97,20.57,13.25,29.47,20.15,13.09,28.08,74.65,15.06,11.83,20.34,0,2.55,6.27,249.67,165.68,14.314896,1.71,96
470,2026-01-08 00:00:00,20.97,18.19,23.78,20.48,12.23,30.39,21.19,13.53,29.78,20.58,13.23,28.29,79.37,16.95,12.74,20.26,0,2.28,4.99,92.71,140.95,12.177711,1.73,96
470,2026-01-09 00:00:00,21.79,19.38,24.37,21.53,15.17,30.57,22.22,16.46,29.97,21.52,16.15,28.45,82.27,18.65,16.11,22.74,0,2.62,6.76,87.85,137.71,11.774412,1.84,96
470,2026-01-10 00:00:00,22.05,19.81,24.58,21.35,15.13,30.94,22.06,16.3,30.4,21.59,15.45,29.41,79.69,17.9,15.89,22.9,0,2.38,6.97,137.34,137.16,11.85048,1.86,96
470,2026-01-11 00:00:00,22.47,20.07,24.98,21.62,15.81,30.31,22.21,17.19,30.07,21.46,17.04,28.75,76.71,17.52,9.68,20.74,0,4.66,13.42,242.39,137.43,11.87361,1.94,96
470,2026-01-12 00:00:00,21.72,19.56,23.49,17.54,11.46,26.6,17.98,12.18,26.08,16.9,11.18,23.99,68.74,12.02,6.81,16.42,0,5.68,12.94,71.04,121.45,10.493289,1.66,96
470,2026-01-13 00:00:00,21.43,19.33,23.71,18.85,13.27,26.58,19.36,14.03,26.14,18.27,13.03,24.89,82.13,15.95,13.09,18.14,0,5.05,9.57,84.42,112.63,9.731538,1.65,96
470,2026-01-14 00:00:00,21.69,20.43,23.24,18.49,15.81,23.38,19.08,16.48,23.53,17.99,15.47,22.13,76.31,14.43,9.78,18.2,0.02,5.32,12.7,272.75,126.63,10.940598,1.61,96
470,2026-01-15 00:00:00,19.16,15.82,21.33,13.41,5.58,16.54,14.07,6.31,17.24,13.08,5.43,16.18,77.98,9.99,1.9,16.65,0.37,5.07,14.6,275.8,70.78,6.115670999999999,1.29,96
470,2026-01-16 00:00:00,15.1,11.98,18.33,9.22,0.64,18.81,10,1.98,18.27,9.09,2.39,17.01,54.32,0.23,-7.88,6.43,0,3.23,7.7,100.49,185.9,16.061454,1.09,96
470,2026-01-17 00:00:00,17.09,14.33,21.09,16.52,8.3,27.06,17.13,9.42,26.63,16.16,8.62,25.2,71.9,11.47,5.5,15.04,0,3.03,6.32,108.78,167.21,14.447205,1.60,96
470,2026-01-18 00:00:00,18.49,17.07,20.69,15.43,7.28,27.49,16.11,8.21,27.37,15.21,7.23,26.21,82.66,12.99,5.95,20.53,0,4.82,15.27,266.42,109.09,9.425150999999998,1.78,96
470,2026-01-19 00:00:00,15.72,13.26,18.08,8.91,2.95,16.44,9.57,3.85,16.36,8.46,2.72,14.98,59.68,0.72,-4.92,5.89,0,4.12,9.12,168.49,188.59,16.294076999999998,1.18,96
470,2026-01-20 00:00:00,15.16,12.24,18.33,12.23,3.71,21.99,12.84,4.83,22.17,11.66,4.27,19.92,63.93,5.88,0.54,10.95,0,7.37,11.62,68.71,180.28,15.575831999999998,1.55,96
470,2026-01-21 00:00:00,17.09,14.23,20.66,16.81,9.72,26.24,17.34,10.54,26.03,16.23,9.69,23.92,70.28,11.38,8.07,13.78,0,6.7,10.52,38.77,173.54,14.994135000000002,1.86,96
470,2026-01-22 00:00:00,19.23,16.62,22.41,19.67,12.9,29.08,20.19,13.77,28.73,19.23,12.86,27.63,80.15,16.3,12.7,20.03,0,4.43,9.79,48.58,151.8,13.115906999999998,2.01,96
470,2026-01-23 00:00:00,20.69,18.32,23.58,20.99,15.37,29.86,21.56,16.21,29.88,20.8,15.26,28.46,79.63,17.36,15.78,21.09,0,2.48,4.74,120.2,146.89,12.691287,2.10,96
470,2026-01-24 00:00:00,21.72,19.43,24.74,20.97,15.33,30.38,21.5,16.07,30.17,20.48,15.01,28.44,84.58,18.42,15.71,22.18,0,3.14,5.97,67.11,152.73,13.195539,2.17,96
470,2026-01-25 00:00:00,22.71,20.3,25.77,23.5,16.81,32.89,24.05,18.23,32.22,23.22,17.7,30.99,79.58,19.72,17.61,22.91,0,3.65,10.55,164.4,164.14,14.181822,2.46,96
470,2026-01-26 00:00:00,22.46,19.09,24.01,19.9,10.03,27.51,20.5,10.82,27.74,19.49,9.84,26.63,85.48,17.86,4.48,23.63,0.43,6.72,14.41,260.1,134.95,11.659806,2.06,96
470,2026-01-27 00:00:00,16.33,13.56,18.93,8.27,3.41,14.5,8.87,4.28,14.3,7.86,3.16,13,49.51,-1.62,-6.41,3.96,0,4.28,8.27,231.44,196.18,16.950258,1.38,96
470,2026-01-28 00:00:00,14.33,11.11,18.07,8.95,1.52,19.12,9.63,2.67,18.86,8.76,2.15,17.56,48.7,-2.88,-11.66,2.91,0,3.35,9.01,257.88,194.99,16.847433,1.53,96
470,2026-01-29 00:00:00,14.48,10.9,18.71,11.33,3.19,22.05,11.98,4.15,21.69,11.01,3.33,20.59,60.21,2.97,-0.63,7.89,0,3.95,9.16,138.36,197.74,16.906968,1.71,96
470,2026-01-30 00:00:00,16.36,13.47,20.2,15.25,7.59,24.4,15.84,8.65,24.49,14.95,7.84,22.84,67.62,9,6.57,12.01,0,3.74,8.23,218.38,158.03,13.51134,1.91,96
470,2026-01-31 00:00:00,15.89,13.19,17.1,11.45,2.69,14.59,12.08,3.35,15.23,11.03,2.48,14.24,77.28,8.14,-4.38,13.2,0.01,6.58,17.03,284.75,41.45,3.5814689999999993,1.42,96
435,2026-01-01 00:00:00,17.75,16.24,19.18,8.6,-0.57,20.8,8.7,0.99,18.72,9.52,2.46,18.78,71.31,2.8,-0.58,6.54,0,2.58,6.73,279.32,180.38,15.584778,0.94,96
435,2026-01-02 00:00:00,17.88,16.31,19.57,12.09,1.8,23.95,12.01,2.53,21.9,12.71,3.78,21.45,78.94,8.06,1.41,12.65,0,2.43,5.67,223.07,157.17,13.579316999999998,1.14,96
435,2026-01-03 00:00:00,18.96,17.46,20.68,17.1,6.74,25.98,16.97,7.15,24.55,17.27,9.49,24.06,79.04,12.95,6.15,16.55,0,4.44,8.72,213.33,168.47,14.555591999999999,1.35,96
435,2026-01-04 00:00:00,20.7,19.94,21.86,18.67,12.12,27.8,18.26,12.82,25.5,18.09,13.64,25.81,85.81,15.67,11.83,18.07,0.02,2.68,5.54,160.27,120.45,10.406889,1.51,96
435,2026-01-05 00:00:00,20.86,19.82,22.32,17.88,11.92,27.93,17.48,12.53,25.62,17.65,13.01,25.01,88.97,15.52,11.56,20.42,0.01,1.83,5.12,118.76,135.08,11.671281,1.50,96
435,2026-01-06 00:00:00,21.18,19.74,22.83,18.99,11.47,30.38,18.62,11.65,28.22,19.05,11.73,27.3,80.29,14.52,10.83,20.02,0,2.1,5.9,196.61,174.62,15.086808,1.57,96
435,2026-01-07 00:00:00,21.46,20.05,22.85,19.53,10.97,30.13,19.33,11.41,28.37,19.94,13.35,28.18,81.2,15.62,10.61,19.15,0,2.12,5.08,218.43,157.24,13.585824000000002,1.59,96
435,2026-01-08 00:00:00,21.5,20.28,22.6,19.21,11.7,28.52,19.04,11.96,26.86,19.49,12.65,26.29,86.02,16.47,11.14,20.91,0,2.04,5.4,145.58,114.06,9.85491,1.57,96
435,2026-01-09 00:00:00,21.61,20.49,22.84,19.99,13.5,29.79,19.73,13.8,27.97,20.23,15.39,26.93,84.76,16.83,13.05,21.52,0,2.48,7.61,124.77,127.6,11.025027,1.67,96
435,2026-01-10 00:00:00,21.87,20.6,23.25,20.86,13.44,31.11,20.56,13.66,29.34,20.76,14.12,28.21,81.37,16.9,12.89,21.66,0,3.07,9.8,206.52,153.1,13.227939,1.76,96
435,2026-01-11 00:00:00,22.18,20.98,23.34,21.11,14.21,30.2,20.86,14.63,29.15,21.01,16.1,27.76,80.94,17.18,13.71,20.57,0,3.04,7.19,215.33,132.25,11.426319,1.77,96
435,2026-01-12 00:00:00,22.01,21.28,22.89,18.36,12.39,23.91,18.05,12.5,22.68,17.69,12.2,22.11,77,13.9,9.87,16.76,0,2.6,5.3,143.8,69.82,6.032736,1.40,96
435,2026-01-13 00:00:00,21.58,20.65,22.43,18.89,13.38,25.99,18.52,13.5,24.4,18.28,13.28,23.62,84.3,15.68,12.47,18.17,0,2.63,6.32,176.15,101.23,8.746623,1.51,96
435,2026-01-14 00:00:00,21.77,21.23,22.55,18.44,12.79,24.71,18.29,13.35,23.51,18.24,14.73,22.79,82.02,14.95,11.58,17.58,0,4.02,12.72,247.42,109.21,9.337212,1.51,96
435,2026-01-15 00:00:00,20.46,18.67,21.63,13.56,3.19,18.3,13.51,3.84,17.34,13.43,4.42,17.07,78.91,9.73,1.18,15.53,0.38,5.03,12.1,278.01,68.95,5.957315999999999,1.33,96
435,2026-01-16 00:00:00,17.51,15.6,19.16,9.44,-1.19,21.85,8.96,-0.14,19.17,9.26,0.3,19.46,73.96,4.11,-2.7,10.06,0,2.15,3.53,256.24,193.71,16.736201999999995,1.03,96
435,2026-01-17 00:00:00,18.97,17.7,20.91,17.36,9.35,27.82,17.07,9.65,25.53,16.88,9.42,24.78,80.84,13.51,8.51,17.49,0,2.63,7.73,163.82,129.51,11.189681999999998,1.59,96
435,2026-01-18 00:00:00,20.19,19.46,21.26,17.12,7.79,28.49,16.91,8.01,27.22,16.79,7.89,26.53,84.19,14.09,5.76,21.54,0,5.15,19.19,241.41,99.86,8.627625,1.80,96
435,2026-01-19 00:00:00,18.64,17.21,19.91,9.72,2.05,18.33,9.21,2.28,16.63,9.2,2.06,16.6,71.11,3.79,0.01,6.52,0,3.51,6.72,205.74,198.36,17.138223000000004,1.14,96
435,2026-01-20 00:00:00,17.93,16.37,19.37,12.72,3.74,23.1,12.43,4.11,21.43,12.23,4,20.74,75.48,8.04,1.52,13.38,0,3.93,9.33,171.04,167.6,14.480478,1.43,96
435,2026-01-21 00:00:00,18.8,17.41,20.35,16.89,8.76,26.17,16.53,9.13,23.83,16.47,9.31,23.33,76.18,11.95,7.82,14.67,0,2.87,7.89,185.44,149.58,12.923379,1.62,96
435,2026-01-22 00:00:00,20.54,19.52,21.95,20.7,15.88,29.6,20.26,15.81,27.38,19.97,15.69,26.76,83.89,17.33,13.63,20.49,0.05,2.38,5,131.57,119.11,10.291509,1.84,96
435,2026-01-23 00:00:00,21.45,20.23,22.93,20.81,15.6,30.95,20.32,15.76,29.02,20.22,15.54,27.65,85.02,17.52,14.74,21.14,0,1.98,5.02,173.74,144.56,12.490353,2.02,96
435,2026-01-24 00:00:00,21.88,20.6,23.25,20.58,14.53,30.18,20.16,14.79,27.71,20.11,15.11,26.97,85.95,17.58,14.03,21.56,0,2.57,8.59,181.69,146.01,12.615183000000002,1.98,96
435,2026-01-25 00:00:00,22.31,20.95,23.71,22.92,14.81,30.85,22.75,15.2,29.83,22.8,16.55,28.77,81.28,19.08,14.34,21.82,0,5.16,13.14,162.68,170.82,14.758641000000003,2.28,96
435,2026-01-26 00:00:00,23.13,22.35,24.21,21.58,11.3,29.21,21.25,11.18,27.86,20.88,11.04,26.93,83.94,18.31,5.81,23.27,0.19,7.04,10.79,265.87,134.52,11.622429,2.08,96
435,2026-01-27 00:00:00,19.74,18.18,22.25,9.09,2.73,16.88,8.56,2.98,15.15,8.53,2.75,14.92,64.35,2,-2.41,5.55,0,4.37,7.45,255.14,208.33,18.000063,1.39,96
435,2026-01-28 00:00:00,17.86,16.29,19.34,9.24,2.04,20.08,8.91,2.43,18.27,9.33,2.95,18.53,62.97,1.07,-2.82,3.03,0,2.83,5.73,248.11,196.09,16.942185,1.48,96
435,2026-01-29 00:00:00,17.39,15.28,19.46,10.85,-1.43,23.21,10.45,-0.14,21.09,10.59,0.52,20.52,70.01,4.6,-1.91,9.61,0,2.99,4.7,156.58,209.1,18.066401999999997,1.58,96
435,2026-01-30 00:00:00,18.37,17.41,19.71,15.03,7.5,24.3,14.9,7.79,22.48,14.95,8.45,22.34,81.77,11.6,6.46,14.82,0,2.85,6.44,262.46,94.15,8.134911,1.70,96
435,2026-01-31 00:00:00,18.2,17.13,18.9,11.73,1.94,15.76,11.63,2.04,15.37,11.46,1.89,14.67,77.69,7.83,-4.4,11.75,0.02,6.11,14.71,295.53,49.5,4.277087999999999,1.46,96
111,2026-01-01 00:00:00,,,,9.27,0.86,19.57,8.67,1.01,17.85,,,,70.95,2.57,0.01,6.44,0,2.4,8.4,244.73,,,1.52,96
111,2026-01-02 00:00:00,,,,13.07,5.19,22.82,12.43,5.09,20.87,,,,80.99,8.89,3.89,12.95,0,2.09,6.64,195.33,,,1.56,96
111,2026-01-03 00:00:00,,,,17.82,10.49,25.36,17.08,10.7,23.89,,,,85.86,14.45,9.73,16.89,0.2,4.32,9.57,189.99,,,1.55,96
111,2026-01-04 00:00:00,,,,17.09,13.66,21.62,16.47,13,21.41,,,,89.41,14.64,11.9,17.46,0.01,2.32,5.34,96.16,,,1.26,96
111,2026-01-05 00:00:00,,,,16.85,12.77,25.53,15.97,12.19,24.33,,,,88.31,13.82,11.28,17.82,0,1.86,3.83,136.73,,,1.44,96
111,2026-01-06 00:00:00,,,,18.22,11.54,27.85,17.55,10.9,26.09,,,,81.52,13.97,10.16,17.35,0.05,2.14,6.66,231.36,,,1.62,96
111,2026-01-07 00:00:00,,,,18.69,13.47,25.07,18.16,12.95,24.72,,,,89.3,16.24,12.04,20.82,0.01,2.19,6.21,212.6,,,1.43,96
111,2026-01-08 00:00:00,,,,20.24,13.53,29.39,19.5,12.73,27.37,,,,79.87,15.48,12.05,18.95,0,1.82,4.93,150.09,,,1.58,96
111,2026-01-09 00:00:00,,,,22.41,15.31,30.3,21.81,15.19,28.73,,,,77.89,17.42,14.41,20.26,0,1.98,4.21,134.34,,,1.51,96
111,2026-01-10 00:00:00,,,,20.83,14.64,30.14,20.26,14.2,28.29,,,,78.38,15.9,13.41,20.58,0,1.97,7.5,188.44,,,1.54,96
111,2026-01-11 00:00:00,,,,17.69,12.19,26.57,17.06,11.91,25.03,,,,87.17,14.8,7.15,19.19,0.05,2.59,11.94,218.14,,,1.53,96
111,2026-01-12 00:00:00,,,,13.68,7.03,21.23,12.76,6.37,19.6,,,,72.19,7.75,2.82,12.05,0,3.46,6.2,105.33,,,1.48,96
111,2026-01-13 00:00:00,,,,17.21,12.4,25.89,16.18,11.65,24.35,,,,79.37,12.41,10,16.67,0,3.1,6.28,126.2,,,1.50,96
111,2026-01-14 00:00:00,,,,16.34,13.29,20.63,15.44,12.54,19.17,,,,78.11,11.43,9.54,12.54,0,3.44,10.05,239.37,,,1.17,96
111,2026-01-15 00:00:00,,,,11.78,3.3,15.51,10.95,2.71,14.56,,,,77.66,6.88,-0.34,13.57,0.24,6.05,16.65,273.53,,,1.37,96
111,2026-01-16 00:00:00,,,,6.57,-0.71,16.7,5.71,-1.06,15.08,,,,61.57,-2.58,-6.54,2.12,0,1.61,4.18,170.36,,,1.39,96
111,2026-01-17 00:00:00,,,,13.33,2.53,25.47,12.6,2.5,23.79,,,,71.9,6.97,0.22,11.7,0,2.09,6.44,179.84,,,1.82,96
111,2026-01-18 00:00:00,,,,12.29,5.74,24.51,11.47,5.14,23.45,,,,82.79,8.59,2.96,16.66,0,4.96,18.68,246.92,,,1.82,96
111,2026-01-19 00:00:00,,,,7.28,0.54,16.34,6.38,0.42,14.47,,,,63.13,-1.23,-4.94,2.65,0,3.06,7.27,232.66,,,1.35,96
111,2026-01-20 00:00:00,,,,10.43,2.44,19.27,9.51,1.98,17.77,,,,57.24,0.71,-2,4.5,0,4.13,7.58,107.22,,,1.53,96
111,2026-01-21 00:00:00,,,,15.27,6.76,23.36,14.44,6.17,21.88,,,,66.15,7.9,3.52,10.87,0,4.01,9.28,67.25,,,1.63,96
111,2026-01-22 00:00:00,,,,19.06,12.79,27.48,18.22,12.47,25.73,,,,74.3,13.24,9.97,15.89,0,2.39,5.87,62.33,,,1.52,96
111,2026-01-23 00:00:00,,,,19.95,13.22,28.93,19.13,12.55,27.81,,,,77.51,14.67,11.72,18.33,0,1.77,5.23,191.73,,,1.61,96
111,2026-01-24 00:00:00,,,,20.36,13.71,28.5,19.61,13.54,27.04,,,,78.65,15.45,12.37,18.33,0,2.62,5.96,101.99,,,1.53,96
111,2026-01-25 00:00:00,,,,22.8,17.51,29.8,22.06,17.05,28.57,,,,81.94,18.59,15.92,20.67,0,5.23,11.97,171.74,,,1.44,96
111,2026-01-26 00:00:00,,,,17.48,7,22.73,16.67,6.4,22.06,,,,82.08,13.53,-3.55,20.61,0.37,7.58,11.68,263.44,,,1.74,96
111,2026-01-27 00:00:00,,,,5.91,-0.12,14.77,4.89,-0.77,12.99,,,,52.09,-5.12,-7.77,-0.67,0,2.27,4.45,184.63,,,1.28,96
111,2026-01-28 00:00:00,,,,6.87,0.61,16.88,5.96,0.29,15.14,,,,56.35,-3.51,-6.27,0.18,0,3.28,7.53,253.86,,,1.40,96
111,2026-01-29 00:00:00,,,,8.62,0.6,20.56,7.74,0.02,18.4,,,,65.37,-0.1,-3.75,3.62,0,1.97,5.78,126.76,,,1.56,96
111,2026-01-30 00:00:00,,,,12.95,4.14,22.62,12.16,3.67,20.82,,,,68.09,5.6,2.35,8.84,0,2.39,6.54,242.01,,,1.62,96
111,2026-01-31 00:00:00,,,,9.94,0.95,14.09,9.07,0.2,13.78,,,,73.28,4.44,-7.04,10.1,0.01,7.92,17.32,299.33,,,1.43,96
261,2026-01-01 00:00:00,,,,7.12,-2.87,21.24,7.53,-1.29,18.04,,,,71.25,0.59,-3.54,5.36,0,2.9,8.69,192.32,,,1.59,96
261,2026-01-02 00:00:00,,,,11.2,0.43,24.67,11.4,2.59,21.76,,,,83.25,8.01,2.57,11.81,0,2.14,7.39,178.48,,,1.70,96
261,2026-01-03 00:00:00,,,,16.95,8.65,25.45,16.68,10.41,23.55,,,,90.96,14.96,10.17,17.68,0.16,5.88,13.23,192.91,,,1.56,96
261,2026-01-04 00:00:00,,,,14.17,8.76,19.4,14.06,10.75,17.79,,,,95.17,13.26,10.73,16.1,0,2.76,7.43,84.58,,,1.18,96
261,2026-01-05 00:00:00,,,,15.75,9.91,26.5,15.15,11.7,22.52,,,,91.83,13.6,11.68,15.75,0.01,2.21,4.33,120.77,,,1.37,96
261,2026-01-06 00:00:00,,,,17.01,8.09,29.73,16.87,8.95,26.88,,,,84.44,13.62,8.94,16.85,0,2.71,8.1,197.95,,,1.78,96
261,2026-01-07 00:00:00,,,,19.48,11.03,29.61,19.17,12.54,26.7,,,,88.29,16.8,12.52,19.4,0,2.76,6,233.33,,,1.58,96
261,2026-01-08 00:00:00,,,,19.7,13.26,30.75,19.14,14.5,27,,,,85.23,16.09,14.5,19.31,0.05,2.02,6.52,131.2,,,1.46,96
261,2026-01-09 00:00:00,,,,20.39,12.22,31.95,20.33,13.53,28.57,,,,83.72,16.89,13.51,20.26,0,2.48,7.28,176.39,,,1.62,96
261,2026-01-10 00:00:00,,,,18.69,11.34,31.82,18.95,12.8,28.24,,,,84.34,15.56,12.78,19.45,0,2.93,9.36,177.17,,,1.66,96
261,2026-01-11 00:00:00,,,,16.3,9.3,23.19,16.08,10.29,20.4,,,,82.54,12.7,1.59,20.4,0.05,4.47,13.14,201.66,,,1.39,96
261,2026-01-12 00:00:00,,,,12.01,4.83,21.7,11.12,5.2,18.52,,,,67.6,5.16,-0.22,9.86,0,6.51,8.97,28.62,,,1.52,96
261,2026-01-13 00:00:00,,,,15.46,9.57,26.36,14.58,9.42,22.08,,,,78.87,10.68,7.1,14.39,0,3.64,7.33,96.7,,,1.49,96
261,2026-01-14 00:00:00,,,,14.02,9.35,19.18,13.72,10.82,17.44,,,,89.5,11.8,9.08,13.41,0.01,2.59,6.87,235.78,,,1.16,96
261,2026-01-15 00:00:00,,,,10.61,3.04,15.64,10.19,4.66,13.79,,,,69.68,3.97,-7.22,12.67,0.3,6.93,18.74,269.75,,,1.28,96
261,2026-01-16 00:00:00,,,,4.34,-6.46,18.19,4.89,-3.22,14.66,,,,60.58,-4.51,-11.51,1.57,0,2.23,5.83,172.75,,,1.41,96
261,2026-01-17 00:00:00,,,,10.83,-3.96,26.59,10.82,-1.8,23.47,,,,72.29,4.36,-1.83,9.85,0,2.86,8.38,158,,,1.95,96
261,2026-01-18 00:00:00,,,,9.88,1.74,19.06,9.61,3,17.53,,,,90.9,8.17,2.17,14.1,0.07,4.93,20.1,218.34,,,1.51,96
261,2026-01-19 00:00:00,,,,4.98,-4.57,17.03,5.39,-2.38,13.52,,,,66.81,-2.01,-6.56,2.07,0.01,3.86,9.64,224.31,,,1.37,96
261,2026-01-20 00:00:00,,,,6.48,-4.63,20.42,6.95,-2.97,17.49,,,,62.49,-2.06,-7.41,1.71,0,3.93,10.69,85.92,,,1.63,96
261,2026-01-21 00:00:00,,,,12.48,-0.64,24.43,12.56,1.78,21.47,,,,69.95,6.55,1.76,11.27,0,3.19,7.35,76.49,,,1.74,96
261,2026-01-22 00:00:00,,,,15.56,6.29,28.79,15.64,8.53,24.43,,,,81.71,11.9,8.52,14.32,0,2.15,5.89,115.62,,,1.63,96
261,2026-01-23 00:00:00,,,,17.25,7.35,30.36,17.1,8.63,26.9,,,,79.85,12.67,8.62,15.66,0,2.11,5.72,199.86,,,1.78,96
261,2026-01-24 00:00:00,,,,18.35,9.77,27.58,17.83,10.98,24.87,,,,85.59,15.04,10.98,17.28,0,3.28,6.85,87.48,,,1.57,96
261,2026-01-25 00:00:00,,,,22.29,16.02,31.58,21.31,15.38,29.04,,,,85.67,18.39,15.38,21.68,0,7.34,15.6,158.08,,,1.66,96
261,2026-01-26 00:00:00,,,,16.03,5.06,22.42,15.42,5.48,22.21,,,,81.16,11.89,-6.63,22.13,0.18,7.48,12.83,267.96,,,1.79,96
261,2026-01-27 00:00:00,,,,4.46,-4.69,15.02,4.17,-0.98,11.53,,,,50.1,-6.72,-12.3,0.15,0,4.98,9.93,250.06,,,1.26,96
261,2026-01-28 00:00:00,,,,4.8,-5.32,18.39,5.05,-2.6,15.16,,,,60.13,-4.18,-12.57,2.53,0,3.89,9.1,209.14,,,1.47,96
261,2026-01-29 00:00:00,,,,5.92,-5.69,21.78,6.48,-2.98,17.98,,,,68.02,-1.56,-6.32,3.56,0,2.1,5.28,118.36,,,1.60,96
261,2026-01-30 00:00:00,,,,10.37,-2.99,24.93,10.34,-0.94,21.84,,,,70.29,3.76,-0.95,8.79,0,2.24,8.04,196.35,,,1.80,96
261,2026-01-31 00:00:00,,,,7.59,-1.97,14.12,7.25,-1.77,12.04,,,,65.94,1.07,-11.17,10.23,0,8.09,17.65,300.82,,,1.36,96
395,2026-01-01 00:00:00,15.79,12.83,19.35,7.38,-2.69,20.88,7.97,-1.32,18.84,10.32,0.38,19.32,68.53,1.13,-2.21,6.75,0,3.3,9.07,255.03,166.65,14.398173,1.00,96
395,2026-01-02 00:00:00,16.37,13.29,20.1,11.53,1.06,24.87,12.17,3.24,22.82,14.1,6.08,22.66,77.95,7.89,2.22,13.2,0,2.89,7.2,217.7,149.22,12.892869,1.23,96
395,2026-01-03 00:00:00,17.9,15.39,20.66,18,8.39,26.8,17.9,10.6,25.25,18.31,13.12,24.78,81.48,14.37,9.37,16.83,0.07,5.11,10.3,203.28,115.99,10.021779,1.55,96
395,2026-01-04 00:00:00,19.46,17.82,22.25,17.71,9.9,24.75,17.35,10.97,22.77,17.79,12.62,23.12,88.05,15.25,9.8,17.08,0.14,3.79,6.59,113.77,124.53,10.7595,1.40,96
395,2026-01-05 00:00:00,19.16,17.28,22.43,16.43,8.69,27.04,16.07,9.74,24.37,16.9,11.78,25.06,88.73,14.05,8.81,18.42,0.01,2.29,5.27,99.29,116.73,10.085525999999998,1.43,96
395,2026-01-06 00:00:00,19.74,16.48,23.83,17.55,8.8,30.29,17.4,9.18,27.93,18.9,10.52,28.53,81.53,13.74,8.39,19.1,0,1.83,4.65,205.67,157.43,13.602096,1.48,96
395,2026-01-07 00:00:00,20.42,17.42,24.12,17.84,9.78,29.54,17.83,11.36,27.5,19.2,13.97,28.16,83.95,14.73,10.48,18.97,0,2.05,5.2,232.72,146.29,12.63933,1.56,96
395,2026-01-08 00:00:00,20.86,17.94,23.94,19.07,9.88,30.32,18.84,10.57,28.03,19.85,12.34,27.89,82.93,15.56,9.76,19.15,0,2.32,4.91,132.23,135.97,11.74797,1.59,96
395,2026-01-09 00:00:00,21.44,18.77,24.3,20.4,11.8,30.77,20.3,12.56,28.5,21.43,14.78,28.63,81.6,16.76,11.76,21.18,0,2.43,6,135.12,119.92,10.361097,1.66,96
395,2026-01-10 00:00:00,21.77,19.19,24.93,20.34,12.41,30.92,20.26,13.09,28.79,21.51,14.72,29.14,79.53,16.25,12.2,21.22,0,2.41,7.25,182.14,138.96,12.006531,1.69,96
395,2026-01-11 00:00:00,21.78,19.22,24.49,18.98,11.67,29.42,18.93,13.01,27.71,19.87,14.4,27.51,81.46,15.43,9.84,19.47,0,4.51,10.59,225.46,118.87,10.270269,1.71,96
395,2026-01-12 00:00:00,20.62,18,23.46,16.09,10.11,26.2,15.5,10.37,23.85,15.73,10.78,23.15,71.62,10.26,5.12,14.99,0,6.21,9.66,101.77,151.63,13.100769,1.53,96
395,2026-01-13 00:00:00,20.54,18.29,23.11,17.85,11.19,26.94,17.46,11.54,24.75,17.79,12.2,25.16,81.8,14.1,10.5,17.15,0,3.28,7.02,98.41,113.4,9.797544,1.53,96
395,2026-01-14 00:00:00,20.97,19.23,23.46,17.09,13.03,23.05,16.77,13.57,21.46,17.24,14.59,21.28,77.9,12.58,9.6,13.81,0.01,4.44,11.68,253.18,130.5,11.27493,1.46,96
395,2026-01-15 00:00:00,18.99,15.68,20.76,12.58,2.71,15.9,12.45,4.28,15.74,12.85,5.71,15.97,76.01,8.06,-0.2,14.68,0.12,6.84,16.02,277.38,77,6.652935,1.27,96
395,2026-01-16 00:00:00,14.98,11.5,18.73,6.14,-5.16,18.82,6.14,-3.62,16.3,7.76,-1.53,17.59,66.77,-0.39,-5.19,5.59,0,2.76,6,171.2,178.7,15.439887,0.98,96
395,2026-01-17 00:00:00,16.44,13.24,20.72,13.82,0.58,27.23,13.54,1.39,25.04,15.01,4.17,25.48,76.83,8.9,0.22,13.65,0,2.93,7.67,153.96,163.39,14.116563,1.41,96
395,2026-01-18 00:00:00,17.58,15.98,20.18,13.12,5.38,27.67,12.99,5.78,26.35,13.8,6.3,25.99,83.66,10.15,4.06,18.65,0,5.55,23.76,253.95,103.28,8.923635,1.78,96
395,2026-01-19 00:00:00,14.99,12.12,18.15,6.56,-1.34,17.96,6.36,-0.22,15.46,7.57,1.48,16.05,67.82,-0.33,-2.91,3.88,0,4.5,9.92,218.25,182.42,15.760998000000004,1.12,96
395,2026-01-20 00:00:00,14.32,11.02,18.04,10.66,-1.18,21.82,10.37,2.02,19.76,10.96,3.63,19.14,67.11,4.16,-0.96,8.52,0,6.57,11.81,102.15,178.74,15.44283,1.39,96
395,2026-01-21 00:00:00,15.97,12.85,19.6,15.2,3.55,25.5,14.98,5.17,23.41,15.66,7.96,22.93,72.68,9.75,3.8,13.06,0,5.33,10.87,77.83,161.34,13.939902,1.61,96
395,2026-01-22 00:00:00,18.23,15.4,21.81,18.21,9.26,29.55,17.89,10.45,26.91,18.46,12.24,26.57,80.68,14.26,9.06,18.72,0,4.2,7.69,70.64,142.36,12.300039,1.84,96
395,2026-01-23 00:00:00,19.95,16.84,23.79,19.47,10.98,31.09,19.21,12.17,28.39,20.29,14.2,28.99,79.96,15.26,11.17,19.63,0,2.81,6.41,135.7,169.08,14.608809,1.96,96
395,2026-01-24 00:00:00,20.57,18.01,23.54,19.11,10.87,30.31,18.83,11.66,27.81,19.54,13.24,27.12,83.18,15.65,10.77,20.09,0,3.36,6.68,101.33,139.95,12.092031,1.92,96
395,2026-01-25 00:00:00,21.6,18.94,24.83,22.24,13.27,32.65,22.1,14.03,30.97,22.87,16.43,30.27,79.48,17.96,13.08,21.32,0,5.4,12.46,173.38,156.95,13.560273,2.26,96
395,2026-01-26 00:00:00,21.86,18.47,23.92,19.24,8.5,24.89,18.86,8.45,23.41,19.08,8.75,23.29,81.79,15.57,-0.38,21.19,0.25,7.72,12.1,260.5,133.94,11.57247,1.84,96
395,2026-01-27 00:00:00,15.97,12.83,19.08,5.67,-3.15,16.01,5.7,-1.59,13.5,6.72,0.77,13.8,56.07,-3.07,-5.24,-0.32,0,5.14,11.77,183.08,190.09,16.423533,1.28,96
395,2026-01-28 00:00:00,13.77,10.34,17.9,6.4,-3.97,19.39,6.61,-2.34,17.29,7.96,0.04,17.65,55.26,-3.69,-7.62,-0.45,0,4.71,11.31,254.01,191.07,16.508097,1.45,96
395,2026-01-29 00:00:00,13.56,9.61,17.94,8.21,-5.04,22.39,8.41,-3.04,19.9,10.02,-0.63,20.68,67.06,1.22,-4.14,6.58,0,3.9,7.55,127.82,189.28,16.353980999999997,1.55,96
395,2026-01-30 00:00:00,15.14,11.81,19.44,12.53,0.96,24.98,12.61,2.01,22.99,13.94,4.49,23.2,69.17,6,1.07,11.24,0,3.01,7.66,266.8,162.99,14.082381,1.75,96
395,2026-01-31 00:00:00,15.39,12.84,16.26,10.71,0.89,14.13,10.52,0.88,14.11,10.8,1.18,14.99,73.68,5.94,-6.11,10.95,0.01,7.78,17.03,286.58,41.66,3.5996579999999994,1.44,96
302,2026-01-01 00:00:00,14.65,11.76,17.73,10.21,1.28,19.84,10.28,2.01,19.15,10.94,3.95,18.69,60.77,1.94,-0.57,6.66,0,3.13,7.43,272.19,175.45,15.15852,1.00,96
302,2026-01-02 00:00:00,15.65,12.85,18.51,13.33,5.53,21.89,13.36,6.49,20.82,14.03,7.83,20.41,83.07,10.3,5.69,13.52,0,2.43,5.74,207.34,124.78,10.780893000000003,1.24,96
302,2026-01-03 00:00:00,17.6,15.42,20.09,17.53,11.89,24.49,17.42,12.34,23.69,17.51,13.52,23.43,88.29,15.34,11.26,17.68,0.4,5.71,11.05,200.57,116.57,9.967158000000001,1.50,96
302,2026-01-04 00:00:00,17.67,17.09,18.37,15.08,13.44,17.21,14.92,13.5,16.83,14.96,13.78,16.63,96.06,14.29,13.01,15.52,0.01,4.25,8.65,89.46,49.89,4.310676,1.08,96
302,2026-01-05 00:00:00,18.13,16.82,20.37,16.31,13.43,24.88,15.94,13.25,23.21,16.25,13.21,23.5,93.81,14.82,13.25,17.89,0,2.89,6.2,122.69,131.67,11.376423,1.45,96
302,2026-01-06 00:00:00,18.64,16.44,21.43,18.4,11.86,27.04,18.18,12.06,26.15,18.78,13.13,25.93,85.7,15.39,12.03,18.79,0,2.41,7.45,201.91,161.49,13.952375999999997,1.53,96
302,2026-01-07 00:00:00,19.12,17.36,21.36,18.3,13.56,26.02,18.25,13.58,25.15,18.68,14.55,25.12,91.92,16.78,13.41,19.71,0,2.54,6.29,204.94,121.79,10.523052,1.53,96
302,2026-01-08 00:00:00,20.05,18.21,22.65,20.19,14.63,28.3,19.88,14.59,26.77,20.11,15.45,26.54,86.57,17.26,14.39,20.38,0.04,2.84,5.24,119.53,146.41,12.518334,1.66,96
302,2026-01-09 00:00:00,20.97,18.65,23.56,21.9,16.23,28.96,21.64,16.39,28.04,21.74,16.81,27.84,84.29,18.52,16.39,21.48,0,3.96,9,135.52,173.4,14.981769,1.89,96
302,2026-01-10 00:00:00,21.24,19.2,23.49,20.62,15.26,28.73,20.58,15.54,27.97,21.06,16.23,27.57,85,17.67,15.18,21.68,0,3.24,11.07,177.79,149.1,12.881862,1.77,96
302,2026-01-11 00:00:00,20.42,19,21.75,17.04,10.54,23.41,16.92,10.68,22.63,17.21,10.86,22.11,86.63,14.51,4,20.41,0,3.42,7.49,151.3,74.88,6.469803,1.44,96
302,2026-01-12 00:00:00,18.1,16.1,19.87,11.84,6.67,18.95,11.55,6.61,17.84,11.46,6.66,17.43,76.65,7.54,2.08,12.21,0,7.06,12.87,123.53,134.12,11.587616999999998,1.26,96
302,2026-01-13 00:00:00,18.99,17.03,21.35,16.18,10.94,24.9,15.77,10.87,23,15.71,10.88,23.55,83.12,12.77,9.78,16.11,0,4.87,9.98,74.37,122.68,10.599822,1.48,96
302,2026-01-14 00:00:00,19.09,18.21,20.22,14.81,11.96,17.95,14.65,12.27,17.36,14.71,12.46,17.37,87.57,12.45,10.29,14.22,0.03,3.07,6.73,218.55,78.85,6.812469,1.19,96
302,2026-01-15 00:00:00,17.45,14.8,18.83,11.49,3.9,15.57,11.21,4.03,15,11.26,4.29,14.52,72.16,5.57,-5.67,13.38,0.21,4.27,10.04,259.29,159.61,13.646547,1.06,96
302,2026-01-16 00:00:00,14.24,11.53,17.06,6.18,-1.9,16.34,5.99,-1.38,14.29,6.69,-0.51,14.57,57.91,-2.47,-5.55,2.61,0,2.44,5.98,192.9,193.32,16.702497,0.89,96
302,2026-01-17 00:00:00,14.96,12.14,18.38,12.84,2.58,23.38,12.74,3,22.47,13.14,3.75,22.29,75.42,7.93,2.09,12.85,0,3.15,10.34,124.51,170.91,14.766983999999999,1.31,96
302,2026-01-18 00:00:00,16.13,14.34,17.25,11.7,3.78,21.11,11.55,3.81,20.48,11.76,3.92,20.18,91.66,10.23,2.63,16.99,0.06,3.11,10.23,242.69,49.85,4.30704,1.52,96
302,2026-01-19 00:00:00,13.43,11.16,15.86,6.65,1.19,15.58,6.37,1.28,14.19,6.9,1.41,14.1,69.29,0.12,-3.43,2.81,0,2.96,8.1,228.89,196.43,16.971786000000005,1.04,96
302,2026-01-20 00:00:00,13.06,10.33,16.08,8.63,-0.06,18.15,8.56,0.37,17.25,8.88,1.57,16.74,62.95,1.26,-1.59,5.04,0,5.46,12.26,74.93,185.95,16.066197,1.24,96
302,2026-01-21 00:00:00,14.96,12.28,18.1,14.41,8,22.47,14.17,8.05,21.45,14.12,8.18,21.01,73.12,9.22,4.39,12.54,0,6.9,9.92,34.43,162.08,14.003334,1.59,96
302,2026-01-22 00:00:00,17.2,14.74,20.29,17.16,10.96,25.83,16.92,11.41,24.67,17.01,11.97,23.98,84.93,14.08,10.61,16.69,0,4.3,8.43,101.39,148.08,12.793752,1.76,96
302,2026-01-23 00:00:00,18.72,15.8,22.03,19.28,11.52,28.54,18.84,12.01,26.66,19.24,13.04,26.75,81.94,15.16,11.93,18.12,0,2.77,5.71,156.05,188.94,16.324587,1.91,96
302,2026-01-24 00:00:00,19.33,17.43,21.78,18.3,13.73,26.76,18.02,13.83,25.32,18.03,14.23,25.09,90.53,16.27,13.77,18.73,0,4.62,8.83,74.02,140.65,12.152511,1.88,96
302,2026-01-25 00:00:00,20.62,18.8,22.92,21.7,15.67,29.66,21.44,15.47,29.1,21.38,15.48,28.8,86.03,18.66,15.47,22.65,0,6.82,15.89,153.16,148.25,12.674952,2.20,96
302,2026-01-26 00:00:00,20.89,18.05,22.61,18.09,5.86,23.02,17.79,5.83,22.33,17.8,5.95,22.19,79,13.87,-3.49,21.41,0.07,6.35,9.38,259.28,166.11,14.352129,1.74,96
302,2026-01-27 00:00:00,15.98,13.53,18.25,4.45,-1.07,13.06,4.06,-1,11.18,4.32,-1.03,11.68,52.31,-5.47,-8.99,1.22,0,3.7,7.44,178.24,208.56,18.019287,1.17,96
302,2026-01-28 00:00:00,14.31,11.67,17.48,6.89,-0.08,16.78,6.74,0.41,15.47,7.17,0.95,15.26,51.39,-3.63,-5.69,1.07,0,3.17,6.7,242.53,197.14,17.032976999999995,1.36,96
302,2026-01-29 00:00:00,14.51,11.29,17.96,9.77,0.14,19.73,9.49,0.74,18.3,9.63,2.2,18.22,61.68,1.55,-1.18,4.95,0,3.7,7.87,102.64,206.31,17.824923000000005,1.51,96
302,2026-01-30 00:00:00,15.72,12.48,19.06,13.06,3.41,22.28,12.8,3.67,21.06,13.2,4.72,20.72,69.26,6.49,3.21,9.79,0,2.38,8.05,260.18,191.03,16.332894000000003,1.66,96
302,2026-01-31 00:00:00,15.98,13.58,17.2,8.82,-1.42,14.28,8.62,-1.51,13.64,8.66,-1.46,13.84,62.86,1.82,-10.59,7.07,0,5.53,15.33,286.96,105.54,9.11907,1.40,96
425,2026-01-01 00:00:00,18.95,17.17,20.88,11.62,5.27,18.94,11.63,5.76,18.15,11.81,6.29,17.47,64.58,4.79,0.4,7.74,0,4.72,12.23,230.43,186.94,16.151813999999998,1.04,96
425,2026-01-02 00:00:00,18.95,16.94,21.16,13.93,6.59,22.21,13.91,7.05,21.3,14.26,7.5,20.84,72.54,8.51,5.65,10.79,0,2.64,7.3,179.62,178.94,15.46002,1.15,96
425,2026-01-03 00:00:00,19.69,17.69,21.9,17.08,9.7,25.85,17.05,10.16,24.91,17.48,10.91,24.4,73.63,11.83,8.74,14.56,0,4.22,9.11,127.05,177.06,15.297822,1.43,96
425,2026-01-04 00:00:00,21.05,19.74,22.97,19.71,15.19,26.16,19.5,15.54,25.33,19.57,16.22,24.65,77.75,15.32,12.79,17.91,0,5.16,9.51,227.65,149.17,12.888477,1.66,96
425,2026-01-05 00:00:00,21.63,20.14,23.51,19.88,15.5,26.97,19.71,15.44,25.97,19.84,15.6,25.49,82.63,16.5,14.41,18.59,0,3.7,8.47,276.09,159.69,13.797279,1.68,96
425,2026-01-06 00:00:00,22.32,20.43,24.46,21.28,15.87,28.72,21.07,16.05,27.95,21.5,16.54,27.62,76.66,16.42,14.68,19.04,0,2.51,7.53,182.6,182.06,15.730163999999998,1.82,96
425,2026-01-07 00:00:00,22.72,20.84,24.78,21.54,14.89,29.02,21.39,15.64,28.06,21.83,16.34,28.11,75.64,16.54,14.29,18.8,0,2.72,5.27,140.71,184.1,15.905870999999998,1.82,96
425,2026-01-08 00:00:00,23.13,21.5,24.9,22.1,17.08,28.98,21.91,17.27,27.7,22.32,17.87,27.31,77.56,17.54,15.94,19.25,0,3.5,8.23,166.77,164.07,14.175414,1.88,96
425,2026-01-09 00:00:00,23.23,21.88,24.64,22.19,17.73,27.95,22.06,17.91,27.62,22.61,19.07,26.8,79.34,18.11,16.26,19.7,0,3.48,8.73,185.77,129.74,11.209734,1.79,96
425,2026-01-10 00:00:00,23.6,21.95,25.52,22.41,17.34,28.89,22.13,17.53,27.59,22.56,18.16,27.04,77.07,17.62,16.07,19.76,0,3.85,10.8,164.39,177.21,15.311367,1.96,96
425,2026-01-11 00:00:00,23.96,22.36,25.79,22.96,17.99,28.97,22.89,18.2,28.51,23.06,18.61,28.15,75.66,18.04,16.76,19.83,0,4.32,12.76,236.53,170.19,14.70483,2.03,96
425,2026-01-12 00:00:00,23.7,22.96,24.37,21.24,18.91,24.49,21.17,19.09,23.82,21.29,19.38,23.63,71.58,15.79,13.99,17,0,5.58,14.89,312.18,73.61,6.359787000000001,1.40,96
425,2026-01-13 00:00:00,23.17,22.71,23.67,20.91,19.04,23.62,20.83,19.04,23.19,20.97,19.29,23.17,78.43,16.91,16.27,17.61,0,3.77,6.61,267.22,56.22,4.857174,1.25,96
425,2026-01-14 00:00:00,23.11,22.4,24.08,20.59,16.71,23.93,20.48,16.85,22.91,20.66,17.46,22.68,78.71,16.54,13.23,18.62,0,6.32,13.51,188.98,90.59,7.827354,1.47,96
425,2026-01-15 00:00:00,21.38,19.14,22.78,15.24,7.39,19.1,15.29,7.85,18.98,15.52,8.23,18.7,74.12,10.56,0.88,16.14,0.13,8.79,18.51,183.08,66.01,5.703435,1.43,96
425,2026-01-16 00:00:00,18.6,16.29,20.84,11.97,3.08,20.38,11.84,3.64,19.72,11.87,3.95,19.51,61.81,4.55,-3.76,11.2,0,4.84,8.63,264.72,198.06,17.112249,1.17,96
425,2026-01-17 00:00:00,20.37,18.84,22.34,19.06,13.37,26.79,18.85,13.55,25.35,18.96,13.8,25.03,74.63,14.05,10.72,17.33,0,4.11,10.1,134.97,127.04,10.976544,1.61,96
425,2026-01-18 00:00:00,21.44,20.52,22.88,19.32,11.49,27.73,19.21,11.47,26.86,19.46,11.75,26.77,77.99,15.11,5.93,21.59,0,,,0,108.3,9.356741999999999,,96
425,2026-01-19 00:00:00,19.87,18.04,21.48,11.88,5.02,18.65,11.67,5.17,17.8,11.62,5.37,17.03,68.55,5.9,1.54,9.25,0,,,0,201.75,17.431038,,96
425,2026-01-20 00:00:00,19.7,18,21.47,16.51,9.43,22.65,16.43,9.6,21.89,16.46,9.78,21.28,58.69,8.16,3.53,11.02,0,,,0,170.56,14.736447,,96
425,2026-01-21 00:00:00,20.49,19.43,21.7,20.8,17.61,23.27,20.75,18.32,22.8,20.83,18.46,22.43,60.02,12.62,9.69,17.28,0,,,0,98.97,8.551287,,96
425,2026-01-22 00:00:00,21.93,20.91,23.29,22.53,19.6,27.1,22.34,19.45,26.45,22.42,19.59,26.03,79.88,18.58,17.28,20.01,0.05,2.75,4.65,15.62,114.69,9.908847,1.81,96
425,2026-01-23 00:00:00,22.78,21.08,24.74,22.43,17.86,28.75,22.23,18.11,27.52,22.38,18.4,27.22,80.47,18.52,16.82,20.16,0,2.57,5.84,105.22,166.09,14.350005,2.17,96
425,2026-01-24 00:00:00,23.38,21.57,25.45,22.74,17.57,28.71,22.53,17.77,27.89,22.76,18.23,27.15,77.4,18.15,16.35,19.7,0,3.27,6.91,78.92,186.09,16.077996,2.31,96
425,2026-01-25 00:00:00,24,22.44,25.7,24.18,18.92,30.16,23.98,18.95,28.89,24.26,19.75,28.17,77.43,19.56,17.4,20.85,0,4.17,9.14,131.28,171.96,14.857443000000002,2.39,96
425,2026-01-26 00:00:00,24.13,22.95,25.38,22.35,12.91,30.56,22.26,12.75,29.89,22.44,13.1,29.08,81.26,18.71,8.47,23,0.08,6.95,14.06,251.57,115.39,9.969875999999998,2.16,96
425,2026-01-27 00:00:00,21.08,19.4,22.86,11.99,6.91,18.2,11.8,7,17.5,11.74,7.16,16.73,60.48,4.17,0.38,8.33,0,7.42,11.44,274.38,210.9,18.221922,1.63,96
425,2026-01-28 00:00:00,19.65,18.12,21.01,13.04,7.57,19.91,12.99,7.89,19.01,13.01,8.08,18.49,58.11,4.72,0.28,8.88,0,5.28,9.82,162.35,131.55,11.365623,1.60,96
425,2026-01-29 00:00:00,19.56,17.49,21.76,14.04,5.48,22.02,13.92,5.95,21.17,13.99,6.21,20.67,54.86,4.73,-2.01,9.96,0,4.46,7.9,125.83,198.29,17.132022,1.75,96
425,2026-01-30 00:00:00,19.88,19.09,20.77,16.16,13.16,20.91,16.09,13.33,20.43,16.28,13.57,20.21,77.35,12.02,10.04,13.66,0.01,2.48,5.23,168.43,71.17,6.085431,1.46,96
425,2026-01-31 00:00:00,18.81,17.76,19.67,13.05,5.06,17.08,13.09,5,16.55,13.29,5.31,16.19,73.79,8.46,-2.57,12.98,0.06,7.43,18.22,282.87,55.93,4.832235,1.50,96
445,2026-01-01 00:00:00,15.05,13,17.06,5.86,-5.07,19.23,6.96,-2.35,18.17,8.7,-0.3,18.04,69.71,0.38,-3.21,6.93,0,4.03,11.63,257.31,176,15.206633999999998,0.96,96
445,2026-01-02 00:00:00,15.33,13.23,17.65,10.59,-0.82,22.97,11.3,1.04,21.77,13.13,3.31,21.69,77.44,7,0.09,12.63,0,3.55,8.09,235.11,144.92,12.521034,1.21,96
445,2026-01-03 00:00:00,16.98,15.07,19.28,17,5.35,26.47,17.05,6.66,25.4,17.59,10.82,25,79.95,13.16,5.78,16.23,0.06,6.07,12.01,214.41,135.86,11.738304,1.52,96
445,2026-01-04 00:00:00,19.07,17.73,20.9,17.89,11.48,25.63,17.62,12.7,23.95,17.92,13.71,24.28,87.12,15.28,11.79,17.67,0.07,4.75,9.73,117.87,115.64,9.991044,1.49,96
445,2026-01-05 00:00:00,19.03,17.33,21.5,16.66,10.97,26.27,16.67,12.41,25.11,17.3,12.77,25.1,89.43,14.78,11.42,18.86,0,3.39,7.23,139.28,118.49,10.1313,1.52,96
445,2026-01-06 00:00:00,19.56,17.24,22.37,18.24,10.05,28.68,18.13,10.61,27.24,19.14,11.97,27.46,82.71,14.68,9.95,20.07,0,2.91,6.95,180.47,148.38,12.819987,1.55,96
445,2026-01-07 00:00:00,19.98,17.7,22.37,17.57,9,28.66,18.08,10.37,27.55,19.75,12.48,27.52,76.44,13.03,9.76,17.97,0,3.46,8.16,222.23,150.23,12.980214,1.58,96
445,2026-01-08 00:00:00,20.09,18.07,22.2,18.22,10.33,28.67,18.47,10.72,27.28,19.73,12.68,27.02,86.17,15.88,10.06,20.79,0,3.57,9.43,133.46,114.63,9.904446,1.62,96
445,2026-01-09 00:00:00,20.61,18.93,22.37,19.42,12.45,28.78,20.11,14.12,27.58,21.2,16.79,26.82,83.77,16.99,13.41,21.62,0,4.58,10.88,86.68,102.93,8.893296,1.68,96
445,2026-01-10 00:00:00,20.86,18.91,23.23,20.01,12.05,30.46,20.32,13.23,28.84,21.25,14.81,28.39,81.3,16.57,12.59,21,0,4.13,10.1,134.34,141.2,12.199959,1.75,96
445,2026-01-11 00:00:00,21.3,19.55,22.98,20.01,11.28,29.47,19.97,13.03,28.84,20.79,15.68,27.89,80.73,16.19,11.09,20.22,0,6.46,14.78,206.53,124.37,10.745595,1.82,96
445,2026-01-12 00:00:00,21.05,19.72,22.2,17.1,11.82,24.83,16.74,11.9,23.46,16.72,12.05,22.65,72.97,11.75,6.71,15.44,0,8,11.51,143.32,110.98,9.588636,1.57,96
445,2026-01-13 00:00:00,20.37,19.1,21.63,17.46,12.32,25.43,17.48,12.85,24.47,17.86,12.99,23.94,84.13,14.57,11.76,17.44,0,5.73,10.73,101.26,92.74,8.012331,1.57,96
445,2026-01-14 00:00:00,20.38,19.51,21.68,17.4,12.06,23.5,17.28,13.58,22.55,17.69,15.15,22.1,79.19,13.3,9.48,15.59,0,5.59,13.49,253.49,106.67,9.215919,1.49,96
445,2026-01-15 00:00:00,18.85,15.65,20.56,12.8,3.4,16.68,12.7,4.04,16.15,13.02,4.84,16.2,77.07,8.52,-0.8,15.15,0.27,9.4,18.9,269.26,74.66,6.450273,1.35,96
445,2026-01-16 00:00:00,14.29,11.33,17.19,6.61,-4.49,18.99,7.36,-3.2,17.43,8.8,-0.8,18.54,69.06,1.2,-4.46,7.37,0,3.42,6.53,212.67,175.91,15.198200999999997,1.05,96
445,2026-01-17 00:00:00,16.35,14,19.9,15.55,3.49,26.24,15.66,4.39,25.37,16.19,6.84,25.1,77.92,11.32,3.5,15.21,0,4.81,11.72,157.73,138.38,11.956428,1.59,96
445,2026-01-18 00:00:00,18.22,16.87,20.18,15.22,4.15,27.46,15.19,5.82,26.77,15.68,6.82,26.24,84.74,12.46,4.39,20.53,0,7.99,30.27,261.42,101.14,8.738262,1.90,96
445,2026-01-19 00:00:00,15.52,13.13,17.57,7.2,0.1,17.66,7.59,1.5,16.13,8.31,1.91,16.13,65.56,0.18,-5.3,4.13,0,6.85,12.62,217.29,189.3,16.355780999999997,1.20,96
445,2026-01-20 00:00:00,14.85,12.28,17.74,11.89,2.68,20.82,11.77,4.74,19.72,11.82,5.57,18.9,66.65,5.64,-1.5,11.28,0,10.07,15.47,125.44,180.55,15.599339999999998,1.51,96
445,2026-01-21 00:00:00,16.46,14.16,19.16,15.76,6.95,24.16,15.77,8.01,23.55,16.08,9.7,22.32,74.63,10.88,6,13.47,0,8.01,16.19,61.89,150.74,13.023828,1.73,96
445,2026-01-22 00:00:00,18.64,16.51,21.37,19.15,11.68,28.16,18.94,12.78,26.83,19.14,13.44,26.2,82.83,15.79,11,19.42,0,5.81,13.58,102.83,131.8,11.387375999999998,1.90,96
445,2026-01-23 00:00:00,20.01,17.75,22.56,19.27,11.74,29.57,19.39,12.49,28,20.12,14.54,27.7,82.79,16.07,11.71,20.11,0,4.02,10.51,140.19,138.69,11.857824000000003,1.93,96
445,2026-01-24 00:00:00,20.52,18.51,22.68,19.14,11.32,28.51,19.35,12.28,27.47,20,13.88,26.36,84.89,16.51,11.6,20.62,0,5.05,12.58,113.37,131.74,11.382138,1.95,96
445,2026-01-25 00:00:00,21.52,19.49,23.86,22.86,14.21,30.83,22.87,15.55,29.73,23.37,17.47,29.51,79.6,18.8,14.75,21.61,0,7.34,16.18,156.07,143.46,12.395259,2.24,96
445,2026-01-26 00:00:00,21.83,18.99,23.03,20.06,9.48,26.74,19.81,9.35,26.68,19.97,9.78,25.8,82.79,16.64,2.61,22.94,0.49,9.76,14.95,258.02,102.3,8.83863,2.07,96
445,2026-01-27 00:00:00,15.33,12.67,18.82,7.59,-0.42,15.01,7.43,1.8,13.71,7.62,2.49,13.6,58.22,-0.65,-5.83,3.04,0,8.15,13.86,210.38,202.93,17.53308,1.38,96
445,2026-01-28 00:00:00,13.19,10.18,16.56,6.1,-2.42,19.08,6.66,-0.93,17.82,8.11,1.6,17.5,56.64,-3.66,-9.7,0.77,0,5.44,11.74,259.34,203.31,17.565957,1.49,96
445,2026-01-29 00:00:00,12.98,9.18,16.98,8.66,-5.11,20.95,9.1,-2.94,19.73,9.96,0.17,19.3,69.27,2.82,-4.03,8.63,0,5.82,10.19,140.24,195.49,16.890687,1.61,96
445,2026-01-30 00:00:00,15.4,12.62,19.21,13.87,4.7,24.1,14.36,7.33,23.69,15.27,8.66,22.72,73.63,9.07,6.02,12.38,0,4.36,11.29,188.68,143.89,12.43188,1.86,96
445,2026-01-31 00:00:00,15.41,13.19,16.79,10.76,0.81,13.91,10.66,0.68,13.79,10.93,1.01,13.87,75.62,6.46,-6.61,11.3,0.02,9.92,22.1,282.32,37.94,3.278295,1.46,96
